time,N,I
0.0,58.0,10.0
0.005,57.92382655096718,10.005058734826514
0.01,57.84792903526919,10.010135249575953
0.015,57.77230593142767,10.015229499519734
0.02,57.69695572878679,10.020341440237793
0.025,57.621876927513284,10.025471027618583
0.03,57.54706803859641,10.030618217859072
0.035,57.47252758332482,10.03578296744738
0.04,57.39825395738588,10.04096522863756
0.045,57.324245623596326,10.046164955810381
0.05,57.25050117146377,10.051382107500597
0.055,57.1770191981428,10.056616642459794
0.06,57.10379830843501,10.061868519656398
0.065,57.030837114788916,10.067137698275673
0.07,56.95813423730005,10.07242413771971
0.075,56.8856883037109,10.077727797607444
0.08,56.813497949410916,10.083048637774644
0.085,56.74156181743655,10.088386618273912
0.09,56.6698785584712,10.093741699374688
0.095,56.59844683084525,10.09911384156325
0.1,56.52726530053605,10.104503005542707
0.105,56.45633264116795,10.109909152233008
0.11,56.385647534012236,10.115332242770936
0.115,56.315208667987186,10.120772238510108
0.12,56.24501473965805,10.126229101020982
0.125,56.175064453237056,10.131702792090849
0.13,56.10535652058339,10.137193273723833
0.135,56.035889661203235,10.142700508140898
0.14,55.96666260224972,10.148224457779842
0.145,55.89767407852297,10.153765085295298
0.15,55.82892283247008,10.15932235355874
0.155,55.76040761418509,10.164896225658469
0.16,55.69212718140906,10.170486664899629
0.165,55.62408029952999,10.1760936348042
0.17,55.55626574158288,10.181717099110992
0.17500000000000002,55.488682288249656,10.187357021775655
0.18,55.42132872785926,10.193013366970675
0.185,55.35420385638761,10.198686099085373
0.19,55.28730647745757,10.204375182725906
0.195,55.22063540233899,10.210080582715266
0.2,55.154189449948696,10.215802264093282
0.20500000000000002,55.087967446850485,10.221540192116619
0.21,55.02196822725512,10.227294332258776
0.215,54.95619063302036,10.23306465021009
0.22,54.89063351365091,10.238851111877734
0.225,54.825295726298464,10.244653683385712
0.23,54.76017613576168,10.250472331074873
0.23500000000000001,54.69527361448621,10.256307021502893
0.24,54.63058704256465,10.262157721444288
0.245,54.56611530773659,10.26802439789041
0.25,54.50185730538858,10.273907018049446
0.255,54.43781193855417,10.279805549346419
0.26,54.37397811791384,10.285719959423187
0.265,54.31035476179508,10.291650216138443
0.27,54.246940796172346,10.297596287567723
0.275,54.18373515466705,10.303558142003387
0.28,54.120736778547595,10.309535747954643
0.28500000000000003,54.05794461672935,10.315529074147523
0.29,53.995357625774666,10.321538089524907
0.295,53.93297476989285,10.327562763246501
0.3,53.87079502094021,10.333603064688852
0.305,53.80881735841999,10.339658963445341
0.31,53.74704076948244,10.345730429326185
0.315,53.68546424892477,10.351817432358438
0.32,53.624086799191154,10.357919942785989
0.325,53.56290743037277,10.36403793106956
0.33,53.50192516020773,10.370171367886718
0.335,53.44113901408116,10.376320224131852
0.34,53.380548025025114,10.3824844709162
0.34500000000000003,53.32015123371866,10.38866407956783
0.35000000000000003,53.25994768848781,10.394859021631643
0.355,53.19993644530558,10.40106926886938
0.36,53.14011656779193,10.407294793259618
0.365,53.08048712721381,10.41353556699777
0.37,53.02104720248512,10.419791562496078
0.375,52.96179588016678,10.426062752383633
0.38,52.90273225446664,10.432349109506347
0.385,52.84385534051999,10.43865060433511
0.39,52.78516400004307,10.444967202886042
0.395,52.72665733836346,10.451298878595356
0.4,52.668334480853176,10.457645605494665
0.405,52.61019455696791,10.464007357729567
0.41000000000000003,52.55223670024706,10.470384109559635
0.41500000000000004,52.49446004831369,10.476775835358428
0.42,52.43686374287458,10.483182509613487
0.425,52.379446929720174,10.489604106926333
0.43,52.32220875872462,10.496040602012467
0.435,52.26514838384574,10.502491969701374
0.44,52.20826496312506,10.50895818493652
0.445,52.15155765868779,10.51543922277535
0.45,52.09502563674283,10.521935058389296
0.455,52.03866806758276,10.528445667063764
0.46,51.98248412558386,10.534971024198146
0.465,51.92647298920609,10.541511105305817
0.47000000000000003,51.8706338409931,10.54806588601413
0.47500000000000003,51.81496586757224,10.55463534206442
0.48,51.75946825965453,10.561219449312006
0.485,51.704140212034694,10.567818183726185
0.49,51.64898092359114,10.574431521390238
0.495,51.593989597285955,10.581059438501425
0.5,51.539165440164936,10.587701911370992
0.505,51.48450766335755,10.594358916424161
0.51,51.43001548207695,10.601030430200138
0.515,51.37568811562001,10.607716429352113
0.52,51.321524787367245,10.614416890647252
0.525,51.267524724782895,10.621131790966707
0.53,51.21368715941488,10.627861107305609
0.535,51.1600113268948,10.634604816773072
0.54,51.10649646693794,10.64136289659219
0.545,51.0531418233433,10.648135324100041
0.55,50.999946643993546,10.65492207674768
0.555,50.946910180855035,10.661723132100148
0.56,50.894031689977815,10.668538467836465
0.5650000000000001,50.84131043149563,10.675368061749634
0.5700000000000001,50.788745669625904,10.682211891746636
0.5750000000000001,50.736336672669744,10.68906993584844
0.58,50.68408271301197,10.695942172189989
0.585,50.63198306712106,10.702828579020213
0.59,50.5800370155492,10.709729134702021
0.595,50.52824384293226,10.716643817712303
0.6,50.4766028379898,10.723572606641932
0.605,50.42511329352507,10.730515480195763
0.61,50.373774506425,10.73747241719263
0.615,50.322585777660215,10.744443396565348
0.62,50.27154641228504,10.751428397360717
0.625,50.22065571943746,10.758427398739519
0.63,50.16991301233918,10.76544037997651
0.635,50.11931760829557,10.772467320460438
0.64,50.0688688286957,10.779508199694023
0.645,50.01856599901233,10.786562997293974
0.65,49.96840844880191,10.793631692990974
0.655,49.91839551170456,10.800714266629694
0.66,49.868526525444125,10.807810698168783
0.665,49.81880083182809,10.814920967680875
0.67,49.76921777674768,10.822045055352579
0.675,49.719776710177776,10.829182941484492
0.68,49.67047698617695,10.836334606491187
0.685,49.621317962887474,10.843500030901225
0.6900000000000001,49.5722990025353,10.850679195357142
0.6950000000000001,49.523419471430074,10.85787208061546
0.7000000000000001,49.474678739965135,10.865078667546678
0.705,49.4260761826175,10.872298937135282
0.71,49.37761117794787,10.879532870479736
0.715,49.329283108600656,10.886780448792484
0.72,49.28109136130394,10.894041653399954
0.725,49.233035326869505,10.901316465742559
0.73,49.18511440019281,10.908604867374684
0.735,49.137327980253005,10.915906839964704
0.74,49.08967547011294,10.923222365294972
0.745,49.042156276919144,10.930551425261822
0.75,48.99476981190183,10.937894001875572
0.755,48.947515490374926,10.945250077260516
0.76,48.900392731736005,10.952619633654937
0.765,48.85340095946637,10.960002653411095
0.77,48.806539601130986,10.967399118995232
0.775,48.75980808837853,10.97480901298757
0.78,48.71320585694133,10.982232318082316
0.785,48.66673234663545,10.989669017087657
0.79,48.62038700136061,10.997119092925757
0.795,48.57416926910023,11.00458252863277
0.8,48.528078601921415,11.012059307358827
0.805,48.48211445597496,11.019549412368038
0.81,48.43627629149535,11.027052827038496
0.8150000000000001,48.390563572800765,11.03456953486228
0.8200000000000001,48.344975765111606,11.042099519353933
0.8250000000000001,48.29951218332412,11.0496427597637
0.8300000000000001,48.254172216351925,11.057199237650932
0.835,48.20895534326197,11.064768937194405
0.84,48.1638610452555,11.07235184262732
0.845,48.11888880566808,11.079947938237316
0.85,48.07403810996958,11.087557208366457
0.855,48.02930844576415,11.095179637411238
0.86,47.98469930279028,11.102815209822587
0.865,47.94021017292075,11.11046391010586
0.87,47.89584055016263,11.118125722820848
0.875,47.851589930657326,11.125800632581766
0.88,47.80745781268052,11.133488624057266
0.885,47.76344369664221,11.141189681970426
0.89,47.71954708508671,11.148903791098757
0.895,47.67576748269262,11.1566309362742
0.9,47.63210439627286,11.164371102383123
0.905,47.58855733477465,11.172124274366332
0.91,47.54512580927951,11.17989043721906
0.915,47.50180933300327,11.187669575990967
0.92,47.458607421296065,11.195461675786147
0.925,47.415519591642344,11.203266721763127
0.93,47.37254536366084,11.21108469913486
0.935,47.3296842591046,11.218915593168733
0.9400000000000001,47.286935801861,11.22675938918656
0.9450000000000001,47.244299517951674,11.234616072564588
0.9500000000000001,47.201774935532605,11.242485628733496
0.9550000000000001,47.15936158489406,11.250368043178389
0.96,47.11705899846061,11.258263301438808
0.965,47.074866710791134,11.266171389108719
0.97,47.03278425857882,11.274092291836524
0.975,46.990811180651164,11.282025995325053
0.98,46.94894701796995,11.289972485331566
0.985,46.907191313631294,11.297931747667754
0.99,46.86554361286559,11.30590376819974
0.995,46.82400346303755,11.313888532848075
1.0,46.78257041364619,11.321886027587743
1.0050000000000001,46.741244016324835,11.329896238448157
1.01,46.70002382484111,11.33791915151316
1.0150000000000001,46.65890939509694,11.34595475292103
1.02,46.61790028512858,11.354003028864469
1.025,46.57699605510654,11.362063965590615
1.03,46.5361962673357,11.370137549401033
1.035,46.49550048625518,11.37822376665172
1.04,46.45490827843847,11.386322603753106
1.045,46.4144192125933,11.394434047170046
1.05,46.37403285956175,11.402558083421832
1.055,46.3337487923202,11.41069469908218
1.06,46.29356658597931,11.418843880779244
1.065,46.25348581778408,11.4270056151956
1.07,46.213506067113784,11.435179889068262
1.075,46.173626915482025,11.443366689188672
1.08,46.13384794653668,11.4515660024027
1.085,46.09416874605998,11.459777815610652
1.09,46.0545889019684,11.468002115767257
1.095,46.01510800431278,11.476238889881683
1.1,45.975725645278224,11.484488125017522
1.105,45.936441419184156,11.492749808292801
1.11,45.89725492248431,11.501023926879975
1.115,45.858165753766706,11.509310468005932
1.12,45.8191735137537,11.517609418951986
1.125,45.780277805301914,11.525920767053885
1.1300000000000001,45.741478233402304,11.534244499701808
1.135,45.702774405180136,11.542580604340364
1.1400000000000001,45.66416592989495,11.55092906846859
1.145,45.62565241894062,11.55928987963996
1.1500000000000001,45.5872334858453,11.567663025462371
1.155,45.548908746271486,11.576048493598154
1.16,45.51067781801594,11.584446271764072
1.165,45.47254032100975,11.592856347731317
1.17,45.43449587731831,11.60127870932551
1.175,45.3965441111413,11.609713344426705
1.18,45.35868464881273,11.618160240969388
1.185,45.3209171188009,11.62661938694247
1.19,45.283241151708424,11.635090770389299
1.195,45.24565638027221,11.64357437940765
1.2,45.20816243936347,11.652070202149726
1.205,45.170758965987744,11.660578226822167
1.21,45.133445599284855,11.66909844168604
1.215,45.09622198052893,11.677630835056844
1.22,45.059087753128416,11.686175395304504
1.225,45.022042562626055,11.694732110853382
1.23,44.985086056698904,11.703300970182266
1.235,44.9482178851583,11.711881961824378
1.24,44.91143769994992,11.720475074367366
1.245,44.87474515515372,11.729080296453315
1.25,44.838139906983976,11.737697616778734
1.2550000000000001,44.80162161378925,11.746327024094567
1.26,44.765189936052444,11.754968507206186
1.2650000000000001,44.72884453639072,11.763622054973396
1.27,44.69258507955558,11.77228765631043
1.2750000000000001,44.656411232432816,11.780965300185954
1.28,44.62032266404253,11.789654975623064
1.285,44.58431904553913,11.798356671699285
1.29,44.54840005021132,11.807070377546573
1.295,44.51256535348212,11.815796082351316
1.3,44.47681463290885,11.824533775354332
1.305,44.441147568183126,11.833283445850869
1.31,44.40556383393758,11.842045082964614
1.315,44.37006299907884,11.85081867254739
1.32,44.334644710086685,11.8596042030163
1.325,44.29930865486824,11.868401664093824
1.33,44.264054522456355,11.877211045523314
1.335,44.22888200300958,11.886032337068986
1.34,44.19379078781222,11.894865528515924
1.345,44.15878056927428,11.903710609670073
1.35,44.1238510409315,11.912567570358252
1.355,44.08900189744534,11.92143640042814
1.36,44.054232834603,11.930317089748284
1.365,44.019543549317376,11.939209628208099
1.37,43.98493373962711,11.948114005717866
1.375,43.95040310469656,11.957030212208727
1.3800000000000001,43.91595134481581,11.965958237632698
1.385,43.88157816140067,11.974898071962658
1.3900000000000001,43.84728325699266,11.98384970519235
1.395,43.81306633525905,11.992813127336385
1.4000000000000001,43.77892710099282,12.001788328430242
1.405,43.74486526011266,12.010775298530262
1.41,43.710880519663014,12.019774027713659
1.415,43.67697258781403,12.028784506078507
1.42,43.64314117386158,12.037806723743746
1.425,43.60938598822727,12.046840670849189
1.43,43.57570674245842,12.055886337555506
1.435,43.54210314922808,12.064943714044242
1.44,43.508574922335036,12.074012790517804
1.445,43.47512177670377,12.083093557199463
1.45,43.441743428384505,12.09218600433336
1.455,43.408439594553194,12.101290122184503
1.46,43.37520999351151,12.110405901038762
1.465,43.34205434468683,12.119533331202875
1.47,43.30897236863229,12.12867240300445
1.475,43.275963787026726,12.137823106791954
1.48,43.243028322674704,12.146985432934725
1.485,43.21016569950651,12.156159371822971
1.49,43.17737564257817,12.165344913867756
1.495,43.14465787807142,12.174542049501019
1.5,43.11201213329372,12.18375076917556
1.5050000000000001,43.07943813667825,12.192971063365052
1.51,43.04693561778394,12.202202922564025
1.5150000000000001,43.01450430729541,12.211446337287882
1.52,42.982143937023025,12.220701298072889
1.5250000000000001,42.94985423990287,12.229967795476181
1.53,42.91763494999676,12.239245820075757
1.5350000000000001,42.88548580249221,12.248535362470482
1.54,42.8534065337025,12.257836413280089
1.545,42.82139688106658,12.267148963145177
1.55,42.78945658314919,12.276473002727208
1.555,42.75758537964073,12.285808522708516
1.56,42.725783011357365,12.295155513792297
1.565,42.69404922024098,12.304513966702615
1.57,42.662383749359165,12.313883872184396
1.575,42.630786342905246,12.32326522100344
1.58,42.59925674619828,12.33265800394641
1.585,42.56779470568304,12.34206221182083
1.59,42.53639996893001,12.351477835455096
1.595,42.50507228463544,12.36090486569847
1.6,42.47381140262125,12.37034329342108
1.605,42.44261707383512,12.379793109513916
1.61,42.411489050350454,12.389254304888839
1.615,42.38042708536636,12.398726870478574
1.62,42.34943093320768,12.408210797236714
1.625,42.318500349324985,12.41770607613772
1.6300000000000001,42.287635090294565,12.42721269817691
1.635,42.256834913818444,12.436730654370482
1.6400000000000001,42.22609957872435,12.446259935755487
1.645,42.195428844965754,12.455800533389851
1.6500000000000001,42.16482247362184,12.465352438352364
1.655,42.13428022689752,12.474915641742678
1.6600000000000001,42.10380186812344,12.48449013468132
1.665,42.07338716175595,12.494075908309675
1.67,42.043035873377136,12.503672953789998
1.675,42.01274776969481,12.51328126230541
1.68,41.982522618542504,12.522900825059898
1.685,41.952360188879474,12.532531633278314
1.69,41.92226025079071,12.542173678206378
1.695,41.8922225754869,12.551826951110678
1.7,41.86224693530448,12.561491443278662
1.705,41.83233310370562,12.57116714601865
1.71,41.80248085527818,12.580854050659827
1.715,41.772689965735765,12.590552148552241
1.72,41.742960211917705,12.600261431066812
1.725,41.713291371789055,12.609981889595321
1.73,41.68368322444058,12.61971351555042
1.735,41.65413555008878,12.62945630036562
1.74,41.62464813007588,12.639210235495305
1.745,41.59522074686983,12.648975312414725
1.75,41.5658531840643,12.658751522619992
1.7550000000000001,41.536545226378685,12.668538857628086
1.76,41.5072966596581,12.678337308976856
1.7650000000000001,41.4781072708734,12.688146868225013
1.77,41.44897684812114,12.697967526952139
1.7750000000000001,41.41990518062362,12.707799276758676
1.78,41.39089205872886,12.717642109265938
1.7850000000000001,41.361937273910584,12.7274960161161
1.79,41.33304061876827,12.737360988972211
1.795,41.304201887027105,12.747237019518177
1.8,41.275420873538,12.757124099458778
1.805,41.246697374277595,12.767022220519655
1.81,41.21803118634825,12.776931374447319
1.815,41.18942210797805,12.786851553009141
1.82,41.1608699385208,12.796782747993369
1.825,41.132374478456036,12.806724951209105
1.83,41.10393552938901,12.816678154486327
1.835,41.07555289405072,12.826642349675874
1.84,41.04722637629787,12.836617528649452
1.845,41.01895578111288,12.846603683299636
1.85,40.9907409146039,12.856600805539863
1.855,40.96258158400482,12.866608887304437
1.86,40.934477597180745,12.876627920531508
1.865,40.90642870129229,12.886657895087696
1.87,40.87843466410982,12.896698801651468
1.875,40.850495297644734,12.906750632430198
1.8800000000000001,40.822610414507956,12.916813379632789
1.885,40.79477982790987,12.926887035469665
1.8900000000000001,40.76700335166034,12.936971592152783
1.895,40.73928080016872,12.947067041895618
1.9000000000000001,40.71161198844383,12.957173376913174
1.905,40.683996732093966,12.967290589421978
1.9100000000000001,40.65643484732693,12.977418671640088
1.915,40.62892615094998,12.987557615787079
1.92,40.60147046036986,12.997707414084058
1.925,40.574067593592794,13.007868058753656
1.93,40.546717369224496,13.01803954202003
1.935,40.519419606470144,13.02822185610886
1.94,40.492174125134405,13.038414993247352
1.945,40.464980745621425,13.048618945664241
1.95,40.437839288934825,13.058833705589782
1.955,40.4107495766777,13.06905926525576
1.96,40.38371143105266,13.07929561689548
1.965,40.356724674861745,13.089542752743782
1.97,40.32978913150651,13.099800665037021
1.975,40.30290462498797,13.110069346013084
1.98,40.276070979906635,13.120348787911382
1.985,40.24928802146248,13.13063898297285
1.99,40.22255557545499,13.140939923439946
1.995,40.19587346828308,13.151251601556663
2.0,40.169241526945186,13.161574009568508
2.005,40.14265957903922,13.17190713972252
2.0100000000000002,40.11612745276254,13.182250984267267
2.015,40.08964497691203,13.192605535452829
2.02,40.06321198088401,13.202970785530827
2.025,40.03682829467433,13.213346726754397
2.0300000000000002,40.01049374887827,13.223733351378204
2.035,39.98420817469062,13.23413065165844
2.04,39.95797140390564,13.24453861985282
2.045,39.931783268917066,13.254957248220585
2.05,39.90564360271812,13.2653865290225
2.055,39.87955223890151,13.275826454520862
2.06,39.85350901165942,13.286277016979483
2.065,39.82751375578349,13.29673820866371
2.07,39.80156630666488,13.307210021840408
2.075,39.77566650029419,13.317692448777976
2.08,39.74981417326155,13.328185481746328
2.085,39.72400916275651,13.338689113016912
2.09,39.698251306568146,13.349203334862697
2.095,39.67254044308499,13.359728139558179
2.1,39.64687641129506,13.370263519379378
2.105,39.621259050785866,13.380809466603843
2.11,39.59568820174437,13.391365973510645
2.115,39.57016370495705,13.401933032380382
2.12,39.54468540180983,13.412510635495174
2.125,39.51925313428813,13.423098775138673
2.13,39.49386674497685,13.433697443596051
2.1350000000000002,39.46852607706036,13.44430663315401
2.14,39.44323097432254,13.454926336100769
2.145,39.41798128114671,13.465556544726084
2.15,39.39277684251569,13.476197251321226
2.1550000000000002,39.36761750401177,13.486848448179002
2.16,39.34250311181674,13.497510127593731
2.165,39.317433512711844,13.50818228186127
2.17,39.29240855407784,13.518864903278995
2.1750000000000003,39.26742808389491,13.52955798414581
2.18,39.24249195074279,13.540261516762142
2.185,39.21760000380063,13.550975493429945
2.19,39.192752092847094,13.561699906452699
2.195,39.16794806826031,13.572434748135406
2.2,39.1431877810179,13.5831800107846
2.205,39.11847108269696,13.593935686708333
2.21,39.09379782547407,13.604701768216188
2.215,39.069167862125276,13.61547824761927
2.22,39.04458104602612,13.626265117230213
2.225,39.020037231151605,13.637062369363173
2.23,38.99553627207624,13.647869996333833
2.235,38.97107802397399,13.6586879904594
2.24,38.94666234261831,13.66951634405861
2.245,38.922289084382136,13.680355049451721
2.25,38.89795810623788,13.691204098960517
2.255,38.87366926575744,13.702063484908308
2.2600000000000002,38.84942242111219,13.71293319961993
2.265,38.82521743107297,13.723813235421746
2.27,38.80105415501013,13.734703584641638
2.275,38.776932452893476,13.745604239609019
2.2800000000000002,38.75285218529229,13.75651519265483
2.285,38.72881321337537,13.767436436111527
2.29,38.704815398910945,13.778367962313105
2.295,38.68085860426675,13.789309763595073
2.3000000000000003,38.65694269241001,13.800261832294472
2.305,38.63306752690741,13.811224160749866
2.31,38.609232971925124,13.822196741301346
2.315,38.585438892228794,13.833179566290525
2.32,38.56168515318356,13.844172628060544
2.325,38.53797162075403,13.855175918956073
2.33,38.5142981615043,13.8661894313233
2.335,38.49066464259793,13.877213157509942
2.34,38.467070931797984,13.888247089865244
2.345,38.44351689746698,13.899291220739974
2.35,38.42000240856694,13.910345542486422
2.355,38.39652733465934,13.92141004745841
2.36,38.37309154590516,13.932484728011282
2.365,38.34969491306485,13.943569576501908
2.37,38.32633730749834,13.95466458528868
2.375,38.303018601165036,13.965769746731524
2.38,38.27973866662383,13.976885053191884
2.3850000000000002,38.256497377033085,13.988010497032732
2.39,38.23329460615065,13.999146070618561
2.395,38.21013022833387,14.0102917663154
2.4,38.18700411853953,14.021447576490793
2.4050000000000002,38.16391615232393,14.032613493513814
2.41,38.14086620584284,14.043789509755062
2.415,38.117854155851504,14.05497561758666
2.42,38.094879879704656,14.066171809382261
2.4250000000000003,38.071943255356494,14.077378077517038
2.43,38.04904416136071,14.08859441436769
2.435,38.026182476870474,14.099820812312448
2.44,38.00335808163843,14.111057263731059
2.445,37.98057085601671,14.122303761004803
2.45,37.95782068095691,14.13356029651648
2.455,37.93510743801012,14.144826862650419
2.46,37.912431009326916,14.156103451792472
2.465,37.88979127765734,14.167390056330019
2.47,37.86718812635091,14.178686668651967
2.475,37.84462143935664,14.189993281148741
2.48,37.82209108734501,14.201309885713517
2.485,37.79959690523987,14.212636473000972
2.49,37.777138774691345,14.223973035403821
2.495,37.754716582313975,14.235319565475493
2.5,37.73233021504617,14.246676055760013
2.505,37.709979560150224,14.258042498792
2.5100000000000002,37.687664505212304,14.26941888709667
2.515,37.66538493814245,14.280805213189835
2.52,37.64314074717458,14.292201469577902
2.525,37.62093182086647,14.303607648757872
2.5300000000000002,37.598758048099775,14.315023743217345
2.535,37.57661931808005,14.326449745434514
2.54,37.55451552033669,14.337885647878165
2.545,37.532446544722994,14.349331443007685
2.5500000000000003,37.510412281416095,14.360787123273056
2.555,37.48841262091703,14.372252681114848
2.56,37.466447454050716,14.383728108964236
2.565,37.44451667196592,14.395213399242987
2.57,37.42262016613529,14.406708544363461
2.575,37.40075782835536,14.418213536728619
2.58,37.37892955074653,14.42972836873201
2.585,37.35713522575307,14.441253032757784
2.59,37.335374746143124,14.452787521180687
2.595,37.313648005008716,14.464331826366058
2.6,37.29195489576574,14.475885940669832
2.605,37.27029531215397,14.48744985643854
2.61,37.24866914823705,14.499023566009308
2.615,37.22707629840249,14.51060706170986
2.62,37.20551665736168,14.522200335858512
2.625,37.183990120149886,14.533803380764178
2.63,37.162496582126245,14.545416188726364
2.6350000000000002,37.14103593897378,14.557038752035178
2.64,37.119608086699365,14.568671062971315
2.645,37.09821292163376,14.580313113806074
2.65,37.07685034043161,14.591964896801345
2.6550000000000002,37.05552024007141,14.603626404209614
2.66,37.034222517855554,14.615297628273963
2.665,37.012957071410284,14.626978561228066
2.67,36.99172379868574,14.6386691952962
2.6750000000000003,36.97052259795592,14.650369522693236
2.68,36.9493533678187,14.662079535624631
2.685,36.928216007195836,14.673799226286448
2.69,36.90711041533295,14.685528586865342
2.695,36.886036491799544,14.697267609538562
2.7,36.86499413648898,14.709016286473958
2.705,36.84398324961852,14.720774609829968
2.71,36.82300373172927,14.73254257175563
2.715,36.80205548368624,14.744320164390576
2.72,36.78113840667828,14.756107379865037
2.725,36.76025240221815,14.767904210299834
2.73,36.73939737214245,14.779710647806388
2.735,36.71857321861168,14.791526684486712
2.74,36.697779844110194,14.80335231243342
2.745,36.67701715144624,14.815187523729714
2.75,36.65628504375193,14.827032310449395
2.755,36.635583424483244,14.838886664656865
2.7600000000000002,36.61491219742004,14.850750578407112
2.765,36.59427126666605,14.862624043745726
2.77,36.57366053664889,14.87450705270889
2.775,36.553079912120026,14.886399597323383
2.7800000000000002,36.53252929815483,14.89830166960658
2.785,36.51200860015252,14.91021326156645
2.79,36.491517723836196,14.922134365201563
2.795,36.471056575252845,14.934064972501075
2.8000000000000003,36.450625060773305,14.946005075444747
2.805,36.43022308709231,14.957954666002928
2.81,36.40985056122845,14.969913736136567
2.815,36.38950739052421,14.981882277797208
2.82,36.369193482645926,14.99386028292699
2.825,36.34890874558381,15.005847743458649
2.83,36.32865308765197,15.01784465131551
2.835,36.30842641748836,15.029850998411504
2.84,36.28822864405484,15.04186677665115
2.845,36.2680596766371,15.053891977929565
2.85,36.24791942484475,15.06592659413246
2.855,36.22780779861125,15.077970617136144
2.86,36.20772470819393,15.090024038807519
2.865,36.18767006417399,15.102086851004085
2.87,36.16764377745655,15.114159045573937
2.875,36.147645759270524,15.126240614355762
2.88,36.12767592116878,15.138331549178847
2.8850000000000002,36.10773417502801,15.150431841863076
2.89,36.08782043304878,15.16254148421892
2.895,36.067934607755575,15.174660468047454
2.9,36.0480766119967,15.186788785140347
2.9050000000000002,36.02824635894436,15.19892642727986
2.91,36.00844376209463,15.211073386238851
2.915,35.98866873526747,15.223229653780775
2.92,35.96892119260669,15.235395221659681
2.9250000000000003,35.94920104858,15.247570081620218
2.93,35.929508217978956,15.259754225397621
2.935,35.90984261591902,15.271947644717729
2.94,35.89020415783949,15.284150331296974
2.945,35.87059275950358,15.296362276842384
2.95,35.85100833699835,15.308583473051582
2.955,35.83145080673473,15.320813911612786
2.96,35.81192008544755,15.333053584204809
2.965,35.79241609019548,15.34530248249706
2.97,35.77293873836109,15.357560598149547
2.975,35.753487947650825,15.369827922812867
2.98,35.734063636094994,15.382104448128219
2.985,35.71466572204777,15.394390165727392
2.99,35.69529412418721,15.406685067232777
2.995,35.67594876151525,15.418989144257354
3.0,35.6566295533577,15.431302388404701
3.005,35.63733641936424,15.443624791268993
3.0100000000000002,35.61806927950841,15.455956344435
3.015,35.598828054087654,15.468297039478086
3.02,35.57961266372326,15.480646867964209
3.025,35.56042302936041,15.493005821449929
3.0300000000000002,35.54125907226815,15.505373891482396
3.035,35.522120714039396,15.517751069599356
3.04,35.50300787659095,15.530137347329152
3.045,35.48392048216349,15.542532716190722
3.0500000000000003,35.46485845332155,15.554937167693604
3.055,35.44582171295355,15.56735069333792
3.06,35.42681018427179,15.579773284614397
3.065,35.407823790812415,15.592204933004357
3.0700000000000003,35.38886245643549,15.604645629979716
3.075,35.36992610532491,15.617095367002984
3.08,35.35101466198847,15.629554135527268
3.085,35.33212805125784,15.64202192699627
3.09,35.31326619828854,15.654498732844289
3.095,35.29442902855998,15.666984544496218
3.1,35.27561646787545,15.679479353367544
3.105,35.25682844236211,15.691983150864356
3.11,35.23806487847098,15.70449592838333
3.115,35.219325702976974,15.717017677311745
3.12,35.20061084297886,15.729548389027467
3.125,35.181920225899304,15.74208805489897
3.13,35.16325377948482,15.75463666628531
3.1350000000000002,35.144611431805814,15.767194214536147
3.14,35.12599311125656,15.779760690991735
3.145,35.107398746555205,15.792336086982921
3.15,35.08882826674377,15.80492039383115
3.1550000000000002,35.07028160118815,15.817513602848464
3.16,35.051758679578114,15.830115705337496
3.165,35.033259431927306,15.842726692591476
3.17,35.014783769424774,15.855346555368595
3.1750000000000003,34.99633159781006,15.867975284335689
3.18,34.97790284840638,15.880612870889802
3.185,34.95949745283361,15.893259306416889
3.19,34.941115342890214,15.905914582288455
3.1950000000000003,34.9227564505532,15.918578689861555
3.2,34.90442070797814,15.931251620478795
3.205,34.88610804749914,15.943933365468336
3.21,34.86781840162889,15.956623916143885
3.215,34.849551703058594,15.969323263804707
3.22,34.83130788465805,15.982031399735613
3.225,34.81308687947559,15.994748315206966
3.23,34.79488862073811,16.007474001474684
3.235,34.776713041851046,16.02020844978023
3.24,34.7585600763984,16.03295165135063
3.245,34.74042965814274,16.045703597398447
3.25,34.72232172102515,16.058464279121807
3.255,34.70423619916532,16.07123368770438
3.2600000000000002,34.68617302686145,16.084011814315396
3.265,34.66813213859032,16.096798650109623
3.27,34.65011346900726,16.109594186227394
3.275,34.63211695294614,16.12239841379458
3.2800000000000002,34.6141425254194,16.135211323922626
3.285,34.596190121618044,16.148032907708497
3.29,34.57825967691161,16.160863156234736
3.295,34.56035112684819,16.173702060569422
3.3000000000000003,34.54246440715444,16.186549611766196
3.305,34.52459945373558,16.199405800864245
3.31,34.50675620267536,16.2122706188883
3.315,34.48893459023611,16.22514405684866
3.3200000000000003,34.47113455285869,16.238026105741167
3.325,34.45335602716254,16.250916756547205
3.33,34.435598949945636,16.263816000233724
3.335,34.417863258184504,16.276723827753223
3.34,34.40014888903425,16.289640230043744
3.345,34.38245577982851,16.30256519802889
3.35,34.36478386807949,16.315498722617807
3.355,34.347133091477936,16.3284407947052
3.36,34.32950338789316,16.341391405171322
3.365,34.311894695373034,16.354350544881978
3.37,34.29430695214396,16.367318204688523
3.375,34.27674009661092,16.380294375427862
3.38,34.25919406735745,16.393279047922455
3.3850000000000002,34.24166880314561,16.406272212980316
3.39,34.224164242916046,16.419273861395006
3.395,34.20668032578795,16.43228398394563
3.4,34.18921699105907,16.445302571396862
3.4050000000000002,34.171774178205695,16.45832961449892
3.41,34.15435182688269,16.47136510398756
3.415,34.13694987692345,16.484409030584107
3.42,34.119568268339954,16.497461384995432
3.4250000000000003,34.10220694132271,16.51052215791396
3.43,34.084865836240795,16.52359134001766
3.435,34.06754489364184,16.536668921970055
3.44,34.050244054252005,16.549754894420225
3.4450000000000003,34.03296325897605,16.5628492480028
3.45,34.015702448897244,16.57595197333795
3.455,33.99846156527745,16.58906306103141
3.46,33.981240549557064,16.602182501674466
3.465,33.96403934335503,16.615310285843947
3.47,33.94685788846886,16.628446404102238
3.475,33.92969612687463,16.641590846997275
3.48,33.91255400072694,16.654743605062546
3.485,33.89543145235897,16.66790466881709
3.49,33.878328424282444,16.6810740287655
3.495,33.86124485918764,16.69425167539791
3.5,33.8441806999434,16.707437599190026
3.505,33.827135889597116,16.720631790603083
3.5100000000000002,33.81011037137472,16.73383424008388
3.515,33.79310408868073,16.747044938064764
3.52,33.77611698509818,16.760263874963638
3.525,33.75914900438869,16.773491041183945
3.5300000000000002,33.74220009049242,16.786726427114697
3.535,33.72527018752808,16.799970023130438
3.54,33.70835923979296,16.813221819591277
3.545,33.69146719176287,16.826481806842867
3.5500000000000003,33.67459398809219,16.839749975216424
3.555,33.65773957361387,16.8530263150287
3.56,33.64090389333939,16.866310816582008
3.565,33.62408689245879,16.879603470164206
3.5700000000000003,33.60728851634068,16.892904266048713
3.575,33.590508710532205,16.906213194494494
3.58,33.57374742075908,16.91953024574606
3.585,33.55700459292555,16.932855410033483
3.59,33.54028017311446,16.946188677572383
3.595,33.52357410758716,16.95953003856393
3.6,33.50688634278359,16.97287948319484
3.605,33.490216825322214,16.986237001637395
3.61,33.473565502000085,16.999602584049416
3.615,33.45693231979278,17.01297622057428
3.62,33.44031722585444,17.026357901340916
3.625,33.423720167517786,17.0397476164638
3.63,33.407141092294054,17.053145356042965
3.6350000000000002,33.39057994787305,17.066551110163992
3.64,33.37403668212314,17.079964868898017
3.645,33.357511243091245,17.093386622301725
3.65,33.34100357900283,17.106816360417348
3.6550000000000002,33.324513638261934,17.12025407327268
3.66,33.30804136945112,17.133699750881057
3.665,33.29158672133153,17.147153383241367
3.67,33.275149642842855,17.16061496033806
3.6750000000000003,33.25873008310334,17.17408447214112
3.68,33.24232799140978,17.1875619086061
3.685,33.22594331723753,17.20104725967409
3.69,33.2095760102405,17.214540515271747
3.6950000000000003,33.193226020251146,17.228041665311263
3.7,33.17689329728049,17.24155069969039
3.705,33.16057779151811,17.255067608292432
3.71,33.14427945333211,17.268592380986238
3.715,33.12799823326919,17.28212500762622
3.72,33.11173408205458,17.29566547805233
3.725,33.09548695059207,17.309213782090083
3.73,33.07925678996399,17.322769909550527
3.735,33.063043551431264,17.336333850230282
3.74,33.046847186433325,17.349905593911505
3.745,33.030667646588185,17.363485130361912
3.75,33.01450488369241,17.377072449334772
3.755,32.998358849721114,17.390667540568895
3.7600000000000002,32.98222949682797,17.40427039378865
3.765,32.9661167773452,17.41788099870396
3.77,32.95002064378359,17.431499345010298
3.775,32.933941048832466,17.445125422388678
3.7800000000000002,32.91787794535972,17.458759220505684
3.785,32.901831286411806,17.47240072901343
3.79,32.8858010252137,17.486049937549602
3.795,32.86978711516898,17.499706835737424
3.8000000000000003,32.85378950985974,17.513371413185677
3.805,32.837808163046645,17.52704365948869
3.81,32.82184302866891,17.540723564226347
3.815,32.805894060844295,17.554411116964083
3.8200000000000003,32.78996121386915,17.568106307252883
3.825,32.77404444221833,17.58180912462928
3.83,32.75814370054529,17.595519558615365
3.835,32.742258943682,17.609237598718778
3.84,32.726390126639025,17.62296323443271
3.845,32.710537204605444,17.636696455235906
3.85,32.69470013294892,17.650437250592656
3.855,32.67887886721566,17.664185609952806
3.86,32.663073363130415,17.677941522751752
3.865,32.64728357659651,17.691704978410446
3.87,32.63150946369582,17.705475966335385
3.875,32.61575098068876,17.719254475918618
3.88,32.60000808401431,17.733040496537754
3.8850000000000002,32.58428073029002,17.74683401755594
3.89,32.568568876311964,17.760635028321886
3.895,32.552872479054784,17.774443518169846
3.9,32.53719149567169,17.788259476419633
3.9050000000000002,32.52152588349443,17.802082892376603
3.91,32.5058756000333,17.815913755331664
3.915,32.49024060297717,17.829752054561286
3.92,32.47462085019346,17.843597779327474
3.9250000000000003,32.459016299728134,17.857450918877806
3.93,32.44342690972393,17.87131146244688
3.935,32.42785262220802,17.88517939957426
3.94,32.41229338379289,17.8990547197806
3.9450000000000003,32.39674915363495,17.912937412361707
3.95,32.3812198909915,17.92682746659904
3.955,32.36570555522073,17.94072487175974
3.96,32.350206105781695,17.954629617096604
3.9650000000000003,32.33472150223435,17.9685416918481
3.97,32.31925170423954,17.982461085238352
3.975,32.303796671558985,17.996387786477158
3.98,32.28835636405528,18.010321784759984
3.985,32.27293074169193,18.024263069267956
3.99,32.2575197645333,18.038211629167872
3.995,32.24212339274465,18.052167453612185
4.0,32.226741586592134,18.066130531739024
4.005,32.21137430644277,18.080100852672178
4.01,32.196021512764474,18.09407840552111
4.015,32.18068316612605,18.108063179380938
4.0200000000000005,32.16535922719717,18.12205516333245
4.025,32.150049656748415,18.136054346442105
4.03,32.13475441565123,18.150060717762017
4.035,32.119473464877956,18.16407426632998
4.04,32.1042067655018,18.178094981169437
4.045,32.08895427869688,18.19212285128951
4.05,32.07371596573819,18.206157865684986
4.055,32.0584917880016,18.22020001333631
4.0600000000000005,32.04328170696385,18.2342492832096
4.065,32.02808568420262,18.248305664256634
4.07,32.012903681396416,18.262369145414855
4.075,31.997735660324658,18.276439715607385
4.08,31.982581582867642,18.290517363742993
4.085,31.967441411006547,18.30460207871613
4.09,31.95231510682345,18.318693849406902
4.095,31.937202632501293,18.332792664681087
4.1,31.922103950323915,18.346898513390123
4.105,31.907019022676035,18.36101138437112
4.11,31.891947812043266,18.375131266446854
4.115,31.876890281012095,18.389258148425753
4.12,31.86184639226989,18.403392019101933
4.125,31.84681610860492,18.41753286725516
4.13,31.83179939290632,18.43168068165087
4.135,31.816796208164124,18.445835451040164
4.14,31.80180651746924,18.459997164159812
4.1450000000000005,31.786830284013472,18.47416580973225
4.15,31.7718674710895,18.48834137646557
4.155,31.75691804209089,18.50252385305354
4.16,31.741981960512096,18.516713228175593
4.165,31.72705918994845,18.530909490496825
4.17,31.712149694096173,18.545112628667997
4.175,31.69725343675237,18.559322631325543
4.18,31.682370381815034,18.573539487091548
4.1850000000000005,31.667500493283036,18.58776318457378
4.19,31.652643735256138,18.601993712365662
4.195,31.637800071934983,18.61623105904628
4.2,31.622969467621097,18.6304752131804
4.205,31.608151886716893,18.644726163318442
4.21,31.59334729372567,18.658983897996492
4.215,31.578555653251613,18.673248405736306
4.22,31.563776929999783,18.68751967504531
4.225,31.549011088776133,18.70179769441658
4.23,31.534258094487495,18.71608245232888
4.235,31.5195179121416,18.73037393724662
4.24,31.50479050684704,18.74467213761988
4.245,31.490075843813315,18.758977041884418
4.25,31.475373888350795,18.773288638461647
4.255,31.46068460587074,18.787606915758644
4.26,31.446007961885286,18.80193186216816
4.265,31.43134392200747,18.81626346606861
4.2700000000000005,31.4166924519512,18.830601715824066
4.275,31.402053517531275,18.844946599784276
4.28,31.38742708466338,18.859298106284648
4.285,31.37281311936407,18.873656223646258
4.29,31.358211587750812,18.88802094017585
4.295,31.343622456041928,18.90239224416583
4.3,31.329045690556644,18.91677012389427
4.305,31.314481257715062,18.931154567624912
4.3100000000000005,31.299929124038172,18.945545563607162
4.315,31.28538925614785,18.95994310007608
4.32,31.270861620766855,18.974347165252414
4.325,31.25634618471883,18.988757747342564
4.33,31.2418429149283,19.003174834538594
4.335,31.227351778420672,19.017598415018238
4.34,31.212872742322254,19.032028476944898
4.345,31.198405773860223,19.04646500846764
4.3500000000000005,31.18395084036264,19.060907997721195
4.355,31.169507909258463,19.075357432825957
4.36,31.155076948077525,19.08981330188799
4.365,31.140657924450547,19.104275592999024
4.37,31.12625080610913,19.11874429423645
4.375,31.11185556088576,19.13321939366333
4.38,31.09747215671382,19.147700879328394
4.385,31.083100561627564,19.16218873926603
4.39,31.068740743762135,19.17668296149629
4.3950000000000005,31.054392671353554,19.19118353402491
4.4,31.04005631273874,19.205690444843267
4.405,31.02573163635549,19.220203681928425
4.41,31.011418610742485,19.234723233243095
4.415,30.997117204539286,19.249249086735674
4.42,30.98282738648635,19.263781230340204
4.425,30.968549125425007,19.27831965197641
4.43,30.954282390297475,19.292864339549674
4.4350000000000005,30.94002715014686,19.30741528095105
4.44,30.925783374117156,19.321972464057247
4.445,30.911551031453232,19.336535876730647
4.45,30.897330091500844,19.351105506819298
4.455,30.88312052370664,19.36568134215691
4.46,30.86892229761814,19.380263370562872
4.465,30.854735382883764,19.394851579842218
4.47,30.8405597492528,19.40944595778566
4.4750000000000005,30.82639536657543,19.424046492169577
4.48,30.81224220480273,19.43865317075601
4.485,30.798100233986638,19.453265981292663
4.49,30.78396942427999,19.467884911512915
4.495,30.769849745936515,19.4825099491358
4.5,30.755741169310806,19.497141081866026
4.505,30.74164366485836,19.511778297393963
4.51,30.72755720313554,19.52642158339565
4.515,30.713481754799613,19.541070927532786
4.5200000000000005,30.69941729060871,19.55572631745274
4.525,30.685363781421874,19.570387740788547
4.53,30.671321198199006,19.585055185158904
4.535,30.657289512000908,19.59972863816818
4.54,30.643268693989253,19.614408087406403
4.545,30.62925871542661,19.629093520449274
4.55,30.615259547676427,19.64378492485815
4.555,30.601271162203044,19.658482288180064
4.5600000000000005,30.58729353057167,19.673185597947718
4.565,30.573326624448423,19.68789484167946
4.57,30.559370415600277,19.702610006879315
4.575,30.545424875895115,19.717331081036985
4.58,30.53148997730169,19.73205805162782
4.585,30.517565691889644,19.74679090611285
4.59,30.503651991829503,19.761529631938757
4.595,30.48974884939268,19.776274216537903
4.6000000000000005,30.47585623695147,19.791024647328307
4.605,30.46197412697905,19.80578091171365
4.61,30.448102492049493,19.82054299708329
4.615,30.43424130483774,19.835310890812245
4.62,30.420390538119634,19.850084580261196
4.625,30.406550164771886,19.864864052776497
4.63,30.392720157772104,19.879649295690157
4.635,30.378900490198774,19.894440296319868
4.64,30.365091135231264,19.909237041968968
4.6450000000000005,30.35129206614984,19.924039519926477
4.65,30.337503256335637,19.938847717467066
4.655,30.323724679270686,19.953661621851083
4.66,30.309956308537895,19.96848122032454
4.665,30.296198117821064,19.983306500119113
4.67,30.282450080904866,19.99813744845214
4.675,30.26871217167487,20.012974052526637
4.68,30.254984364117526,20.027816299531267
4.6850000000000005,30.241266632320162,20.042664176640383
4.69,30.227558950471003,20.057517671013976
4.695,30.213861292859153,20.07237676979772
4.7,30.200173633874595,20.08724146012296
4.705,30.1864959480082,20.102111729106692
4.71,30.172828209851733,20.116987563851584
4.715,30.159170394097828,20.131868951445973
4.72,30.145522475540016,20.146755878963855
4.7250000000000005,30.1318844290727,20.161648333464903
4.73,30.118256229691184,20.176546301994442
4.735,30.104637852491642,20.19144977158347
4.74,30.091029272671143,20.206358729248652
4.745,30.077430465527634,20.221273161992315
4.75,30.06384140645995,20.236193056802456
4.755,30.050262070967804,20.251118400652732
4.76,30.036692434651805,20.266049180502474
4.765,30.023132473213437,20.280985383296674
4.7700000000000005,30.00958216245507,20.295926995965985
4.775,29.996041477770323,20.310874005510218
4.78,29.98251038235439,20.325826400965617
4.785,29.96898884702021,20.340784170214686
4.79,29.955476848304194,20.355747300216812
4.795,29.94197436280083,20.370715777922126
4.8,29.92848136716269,20.385689590271486
4.805,29.914997838100415,20.400668724196493
4.8100000000000005,29.901523752382726,20.41565316661949
4.815,29.888059086836428,20.43064290445354
4.82,29.874603818346387,20.44563792460246
4.825,29.861157923855558,20.46063821396081
4.83,29.847721380364966,20.475643759413867
4.835,29.834294164933723,20.49065454783766
4.84,29.820876254679003,20.505670566098953
4.845,29.807467626776074,20.520691801055246
4.8500000000000005,29.794068258458257,20.535718239554775
4.855,29.78067812701698,20.55074986843652
4.86,29.767297209801725,20.565786674530184
4.865,29.75392548422006,20.58082864465623
4.87,29.74056292773762,20.595875765625834
4.875,29.727209517878133,20.61092802424093
4.88,29.713865232223394,20.62598540729418
4.885,29.700530048413277,20.641047901568985
4.89,29.687203944145725,20.65611549383948
4.8950000000000005,29.67388689717677,20.671188170870543
4.9,29.66057888532052,20.686265919417785
4.905,29.647279886449144,20.701348726227558
4.91,29.63398987849291,20.71643657803695
4.915,29.620708839440145,20.73152946157379
4.92,29.60743674733726,20.746627363556634
4.925,29.59417358028875,20.76173027069479
4.93,29.58091931645717,20.776838169688293
4.9350000000000005,29.567673934063162,20.791951047227926
4.94,29.55443741138545,20.80706888999519
4.945,29.541209726760826,20.822191684662343
4.95,29.52799085858416,20.837319417892374
4.955,29.514780785308403,20.852452076339006
4.96,29.50157948544458,20.867589646646707
4.965,29.48838693756179,20.882732115450676
4.97,29.475203120287212,20.897879469376846
4.9750000000000005,29.4620280123061,20.91303169504191
4.98,29.44886159236179,20.928188779053258
4.985,29.435703839255694,20.94335070800906
4.99,29.422554731847292,20.958517468498197
4.995,29.409414249054148,20.973689047100294
5.0,29.396282369851903,20.988865430385722
5.005,29.383159073274275,21.004046604915573
5.01,29.370044338413052,21.019232557241693
5.015,29.356938144418105,21.034423273906658
5.0200000000000005,29.343840470497383,21.04961874144378
5.025,29.33075129591691,21.06481894637711
5.03,29.31767060000079,21.080023875221436
5.035,29.304598362131188,21.09523351448229
5.04,29.29153456174837,21.110447850655927
5.045,29.27847917835066,21.125666870229356
5.05,29.26543219149447,21.140890559680315
5.055,29.25239358079428,21.156118905477282
5.0600000000000005,29.239363325922653,21.171351894079468
5.065,29.226341406610228,21.186589511936823
5.07,29.21332780264572,21.201831745490043
5.075,29.200322493875916,21.217078581170547
5.08,29.18732546020569,21.232330005400506
5.085,29.174336681597985,21.24758600459282
5.09,29.161356138073824,21.262846565151126
5.095,29.148383809712307,21.2781116734698
5.1000000000000005,29.1354196766506,21.293381315933967
5.105,29.122463719083967,21.308655478919466
5.11,29.109515917265732,21.32393414879289
5.115,29.0965762515073,21.339217311911572
5.12,29.083644702178162,21.354504954623568
5.125,29.070721249705866,21.369797063267686
5.13,29.057805874576054,21.385093624173464
5.135,29.044898557332438,21.400394623661178
5.14,29.031999278576812,21.41570004804185
5.1450000000000005,29.019108018969032,21.43100988361722
5.15,29.006224759227056,21.446324116679786
5.155,28.993349480126895,21.461642733512775
5.16,28.98048216250265,21.476965720390147
5.165,28.96762278724649,21.49229306357661
5.17,28.954771335308674,21.5076247493276
5.175,28.941927787697523,21.522960763889298
5.18,28.929092125479443,21.538301093498617
5.1850000000000005,28.91626432977891,21.55364572438321
5.19,28.903444381778495,21.568994642761467
5.195,28.89063226271882,21.58434783484251
5.2,28.877827953898606,21.599705286826214
5.205,28.865031436674638,21.615066984903176
5.21,28.852242692461775,21.630432915254737
5.215,28.83946170273297,21.645803064052973
5.22,28.826688449019233,21.661177417460703
5.2250000000000005,28.81392291290966,21.67655596163148
5.23,28.801165076051433,21.69193868270959
5.235,28.78841492014979,21.70732556683006
5.24,28.775672426968065,21.722716600118662
5.245,28.762937578327655,21.738111768691894
5.25,28.75021035610804,21.753511058656997
5.255,28.73749074224678,21.768914456111947
5.26,28.724778718739508,21.784321947145465
5.265,28.71207426763993,21.799733517837
5.2700000000000005,28.699377371059835,21.815149154256748
5.275,28.68668801116909,21.83056884246563
5.28,28.67400617019563,21.845992568515314
5.285,28.66133183042547,21.8614203184482
5.29,28.648664974202717,21.876852078297436
5.295,28.63600558392953,21.892287834086893
5.3,28.62335364206616,21.907727571831195
5.305,28.610709131130932,21.923171277535687
5.3100000000000005,28.59807203370024,21.938618937196466
5.315,28.585442332408576,21.954070536800355
5.32,28.572820009948487,21.96952606232492
5.325,28.560205049070603,21.98498549973847
5.33,28.547597432583636,22.000448835000043
5.335,28.53499714335437,22.015916054059414
5.34,28.522404164307666,22.031387142857103
5.345,28.509818478426467,22.046862087324364
5.3500000000000005,28.49724006875178,22.06234087338319
5.355,28.484668918382702,22.0778234869463
5.36,28.472105010476408,22.093309913917167
5.365,28.459548328248136,22.10880014019
5.37,28.446998854971216,22.124294151649725
5.375,28.43445657397704,22.139791934172035
5.38,28.42192146865509,22.155293473623342
5.385,28.409393522452913,22.170798755860798
5.39,28.396872718876146,22.18630776673229
5.3950000000000005,28.38435904148849,22.20182049207646
5.4,28.371852473911737,22.217336917722665
5.405,28.359352999825738,22.232857029491008
5.41,28.346860602968437,22.248380813192334
5.415,28.334375267135847,22.26390825462822
5.42,28.321896976182057,22.27943933959098
5.425,28.30942571401923,22.294974053863676
5.43,28.29696146461762,22.310512383220093
5.4350000000000005,28.28450421200554,22.326054313424763
5.44,28.272053940269398,22.341599830232948
5.445,28.25961063355366,22.357148919390657
5.45,28.24717427606088,22.372701566634632
5.455,28.234744852051683,22.388257757692347
5.46,28.222322345844784,22.403817478282026
5.465,28.20990674181696,22.419380714112616
5.47,28.197498024403064,22.434947450883815
5.4750000000000005,28.185096178096035,22.450517674286054
5.48,28.17270118744689,22.466091370000488
5.485,28.160313037064718,22.48166852369903
5.49,28.147931711616682,22.497249121044323
5.495,28.135557195828024,22.512833147689744
5.5,28.123189474482064,22.52842058927941
5.505,28.110828532420204,22.544011431448176
5.51,28.09847435454191,22.55960565982163
5.515,28.086126925804734,22.57520326001611
5.5200000000000005,28.073786231224304,22.59080421763868
5.525,28.061452255874325,22.60640851828714
5.53,28.049124984886575,22.622016147550035
5.535,28.036804403450912,22.637627091006646
5.54,28.024490496815275,22.65324133422699
5.545,28.012183250285666,22.66885886277182
5.55,27.999882649226176,22.68447966219263
5.555,27.987588679058973,22.70010371803165
5.5600000000000005,27.975301325264294,22.71573101582185
5.565,27.96302057338046,22.731361541086926
5.57,27.950746409003866,22.746995279341327
5.575,27.938478817788983,22.762632216090232
5.58,27.926217785448358,22.77827233682956
5.585,27.913963297752616,22.793915627045962
5.59,27.901715340530462,22.809562072216835
5.595,27.889473899668676,22.825211657810307
5.6000000000000005,27.877238961112106,22.84086436928525
5.605,27.86501051086369,22.85652019209126
5.61,27.85278853498444,22.872179111668686
5.615,27.84057301959344,22.887841113448605
5.62,27.82836395086785,22.903506182852837
5.625,27.816161315042912,22.919174305293936
5.63,27.803965098411943,22.934845466175197
5.635,27.791775287326335,22.950519650890648
5.64,27.779591868195556,22.966196844825063
5.6450000000000005,27.76741482748716,22.98187703335394
5.65,27.755244151726764,22.99756020184352
5.655,27.743079827498068,23.01324633565079
5.66,27.730921841442857,23.028935420123467
5.665,27.71877018026098,23.044627440600003
5.67,27.706624830710368,23.060322382409595
5.675,27.694485779607028,23.07602023087217
5.68,27.682353013825043,23.0917209712984
5.6850000000000005,27.67022652029658,23.10742458898969
5.69,27.658106286011872,23.12313106923818
5.695,27.645992298019237,23.138840397326753
5.7,27.63388454342507,23.154552558529026
5.705,27.62178300755386,23.170267538964513
5.71,27.609687667865597,23.18598532850905
5.715,27.597598510443152,23.201705913170162
5.72,27.58551552288007,23.217429278276374
5.7250000000000005,27.573438692802917,23.23315540915599
5.73,27.561368007871305,23.24888429113708
5.735,27.54930345577786,23.26461590954749
5.74,27.537245024248246,23.28035024971483
5.745,27.525192701041163,23.29608729696649
5.75,27.51314647394833,23.311827036629627
5.755,27.5011063307945,23.327569454031163
5.76,27.489072259437457,23.343314534497804
5.765,27.477044247768024,23.35906226335602
5.7700000000000005,27.465022283710038,23.37481262593205
5.775,27.453006355220385,23.390565607551906
5.78,27.440996450288964,23.406321193541373
5.785,27.428992556938713,23.422079369226005
5.79,27.4169946632256,23.437840119931128
5.795,27.405002757238627,23.453603430981843
5.8,27.393016827099817,23.469369287703014
5.805,27.381036860964233,23.48513767541928
5.8100000000000005,27.369062847019958,23.50090857945506
5.815,27.357094773488114,23.516681985134525
5.82,27.345132628622856,23.532457877781635
5.825,27.33317640071136,23.54823624272011
5.83,27.321226078073835,23.56401706527345
5.835,27.309281649063525,23.579800330764918
5.84,27.2973431020667,23.59558602451755
5.845,27.285410425502665,23.611374131854163
5.8500000000000005,27.27348360782375,23.62716463809733
5.855,27.261562637515315,23.6429575285694
5.86,27.24964750309576,23.6587527885925
5.865,27.2377381931165,23.674550403488524
5.87,27.225834696161993,23.690350358579135
5.875,27.213937000849725,23.706152639185767
5.88,27.20204509583021,23.72195723062963
5.885,27.190158969786996,23.737764118231702
5.89,27.17827861143665,23.75357328731273
5.8950000000000005,27.166404009528783,23.769384723193237
5.9,27.154535152846034,23.785198411193512
5.905,27.142672030204068,23.801014336633617
5.91,27.13081463045158,23.81683248483339
5.915,27.1189629424703,23.83265284111243
5.92,27.107116955174988,23.84847539079012
5.925,27.095276657513427,23.864300119185604
5.93,27.083442038466437,23.8801270116178
5.9350000000000005,27.07161308704787,23.895956053405403
5.94,27.059789792304606,23.911787229866864
5.945,27.04797214331655,23.92762052632042
5.95,27.03616012919665,23.943455928084077
5.955,27.02435373909087,23.959293420475607
5.96,27.012552962178216,23.975132988812554
5.965,27.000757787670718,23.990974618412235
5.97,26.988968204813435,24.00681829459174
5.9750000000000005,26.977184202884462,24.022664002667923
5.98,26.965405771194927,24.03851172795742
5.985,26.953632899088976,24.05436145577663
5.99,26.941865575943794,24.070213171441726
5.995,26.9301037911696,24.086066860268648
6.0,26.918347534209634,24.101922507573114
6.005,26.906596794540167,24.11778009867061
6.01,26.894851561670514,24.13363961887639
6.015000000000001,26.883111825143004,24.14950105350549
6.0200000000000005,26.871377574533003,24.1653643878727
6.025,26.859648799448916,24.181229607292593
6.03,26.84792548953216,24.197096697079512
6.035,26.836207634457192,24.212965642547573
6.04,26.82449522393151,24.228836429010652
6.045,26.81278824769562,24.24470904178241
6.05,26.801086695523082,24.260583466176275
6.055,26.789390557220468,24.276459687505437
6.0600000000000005,26.777699822627387,24.292337691082874
6.065,26.766014481616484,24.30821746222132
6.07,26.754334524093423,24.324098986233285
6.075,26.74265993999691,24.339982248431053
6.08,26.73099071929867,24.355867234126677
6.085,26.71932685200347,24.37175392863198
6.09,26.7076683281491,24.38764231725856
6.095,26.69601513780638,24.40353238531778
6.1000000000000005,26.684367271079164,24.419424118120787
6.105,26.67272471810434,24.435317500978478
6.11,26.661087469051814,24.45121251920154
6.115,26.649455514124536,24.467109158100424
6.12,26.637828843558477,24.48300740298535
6.125,26.62620744762264,24.498907239166314
6.13,26.614591316619062,24.51480865195308
6.135,26.60298044088281,24.53071162665518
6.140000000000001,26.59137481078198,24.54661614858193
6.1450000000000005,26.579774416717694,24.5625222030424
6.15,26.56817924912411,24.578429775345445
6.155,26.55658929846842,24.59433885079968
6.16,26.545004555250838,24.6102494147135
6.165,26.533425010004613,24.626161452395067
6.17,26.52185065329602,24.642074949152317
6.175,26.510281475724373,24.657989890292956
6.18,26.498717467922006,24.673906261124454
6.1850000000000005,26.48715862055429,24.68982404695407
6.19,26.475604924319626,24.70574323308881
6.195,26.464056369949446,24.72166380483547
6.2,26.45251294820821,24.73758574750061
6.205,26.440974649893406,24.753509046390562
6.21,26.42944146583556,24.76943368681143
6.215,26.41791338689822,24.78535965406909
6.22,26.406390403977973,24.801286933469182
6.2250000000000005,26.394872508004422,24.817215510317133
6.23,26.383359689940225,24.83314536991812
6.235,26.371851940781042,24.849076497577105
6.24,26.360349251555586,24.86500887859882
6.245,26.34885161332559,24.88094249828777
6.25,26.337359017185815,24.896877341948223
6.255,26.325871454264057,24.91281339488422
6.26,26.314388915721146,24.92875064239958
6.265000000000001,26.302911392750932,24.944689069797896
6.2700000000000005,26.291438876580308,24.96062866238251
6.275,26.279971358469183,24.97656940545656
6.28,26.268508829710512,24.992511284322944
6.285,26.257051281630268,25.00845428428433
6.29,26.24559870558746,25.02439839064316
6.295,26.23415109297413,25.040343588701653
6.3,26.222708435215342,25.056289863761787
6.305,26.2112707237692,25.07223720112532
6.3100000000000005,26.199837950126824,25.08818558609378
6.315,26.188410105812387,25.10413500396846
6.32,26.176987182383073,25.12008544005043
6.325,26.1655691714291,25.136036879640532
6.33,26.154156064573726,25.151989308039376
6.335,26.142747853473228,25.167942710547344
6.34,26.13134452981692,25.18389707246459
6.345,26.119946085327147,25.199852379091034
6.3500000000000005,26.108552511759274,25.215808615726385
6.355,26.097163800901715,25.231765767670094
6.36,26.085779944575894,25.247723820221406
6.365,26.074400934636284,25.26368275867933
6.37,26.06302676297037,25.27964256834265
6.375,26.05165742149869,25.295603234509908
6.38,26.040292902174784,25.311564742479437
6.385,26.028933196985246,25.327527077549323
6.390000000000001,26.017578297949694,25.343490225017437
6.3950000000000005,26.00622819712077,25.359454170181408
6.4,25.994882886584158,25.37541889833865
6.405,25.983542358458557,25.39138439478634
6.41,25.97220660489571,25.407350644821424
6.415,25.960875618080383,25.423317633740627
6.42,25.949549390230374,25.43928534684044
6.425,25.938227913596517,25.45525376941712
6.43,25.926911180462668,25.47122288676671
6.4350000000000005,25.915599183145712,25.487192684185015
6.44,25.904291913995575,25.503163146967605
6.445,25.89298936539521,25.519134260409828
6.45,25.881691529760595,25.53510600980681
6.455,25.87039839954074,25.551078380453433
6.46,25.859109967217687,25.567051357644363
6.465,25.847826225306513,25.58302492667403
6.47,25.836547166355317,25.598999072836644
6.4750000000000005,25.825272782945227,25.614973781426173
6.48,25.814003067690415,25.63094903773636
6.485,25.802738013238073,25.64692482706073
6.49,25.791477612268427,25.662901134692564
6.495,25.780221857494723,25.678877945924924
6.5,25.768970741663257,25.694855246050643
6.505,25.75772425755334,25.71083302036232
6.51,25.746482397977314,25.726811254152327
6.515000000000001,25.73524515578056,25.74278993271281
6.5200000000000005,25.724012523841484,25.758769041335682
6.525,25.712784495071524,25.77474856531263
6.53,25.701561062415145,25.790728489935113
6.535,25.69034221884985,25.806708800494356
6.54,25.67912795738616,25.822689482281362
6.545,25.66791827106764,25.8386705205869
6.55,25.65671315297088,25.854651900701512
6.555,25.645512596205492,25.87063360791551
6.5600000000000005,25.634316593914132,25.886615627518985
6.565,25.623125139272478,25.902597944801784
6.57,25.611938225489247,25.918580545053533
6.575,25.60075584580617,25.934563413563637
6.58,25.589577993498025,25.950546535621264
6.585,25.578404661872614,25.96652989651535
6.59,25.56723584427077,25.982513481534607
6.595,25.55607153406635,25.998497275967516
6.6000000000000005,25.544911724666253,26.01448126510234
6.605,25.533756409510403,26.03046543422709
6.61,25.522605582071755,26.04644976862957
6.615,25.511459235856286,26.062434253597345
6.62,25.500317364403017,26.078418874417757
6.625,25.489179961283995,26.094403616377907
6.63,25.478047020104288,26.110388464764682
6.635,25.46691853450201,26.126373404864733
6.640000000000001,25.455794498148293,26.142358421964484
6.6450000000000005,25.444674904747306,26.158343501350124
6.65,25.433559748036245,26.17432862830762
6.655,25.422449021785344,26.19031378812271
6.66,25.41134271979785,26.2062989660809
6.665,25.400240835910058,26.222284147467473
6.67,25.389143363991288,26.23826931756747
6.675,25.378050297943886,26.25425446166572
6.68,25.366961631703234,26.270239565046808
6.6850000000000005,25.35587735923774,26.286224612995106
6.69,25.344797474548848,26.302209590794742
6.695,25.33372197167103,26.318194483729624
6.7,25.322650844671777,26.334179277083425
6.705,25.311584087651635,26.350163956139596
6.71,25.300521694744155,26.366148506181357
6.715,25.28946366011594,26.382132912491695
6.72,25.278409977966604,26.398117160353372
6.7250000000000005,25.267360639013074,26.414101237980976
6.73,25.256315631449308,26.43008513587775
6.735,25.245274949642575,26.446068839542217
6.74,25.2342385880939,26.462052334386833
6.745,25.223206541321495,26.478035605834087
6.75,25.21217880386081,26.494018639316497
6.755,25.201155370264477,26.51000142027662
6.76,25.19013623510235,26.525983934167034
6.765000000000001,25.179121392961484,26.54196616645035
6.7700000000000005,25.168110838446147,26.557948102599216
6.775,25.15710456617781,26.5739297280963
6.78,25.14610257079516,26.589911028434308
6.785,25.135104846954086,26.60589198911598
6.79,25.12411138932768,26.621872595654082
6.795,25.11312219260625,26.637852833571415
6.8,25.102137251497314,26.6538326884008
6.805,25.09115656072559,26.669812145685103
6.8100000000000005,25.08018011503301,26.685791190977216
6.815,25.069207909178708,26.701769809840055
6.82,25.05823993793903,26.717747987846575
6.825,25.047276196107536,26.733725710579762
6.83,25.03631667849498,26.749702963632622
6.835,25.025361379929333,26.76567973260821
6.84,25.014410295255775,26.781656003119597
6.845,25.00346341933669,26.79763176078989
6.8500000000000005,24.99252074705167,26.813606991252236
6.855,24.981582273297523,26.829581680149786
6.86,24.97064799298825,26.845555813135753
6.865,24.959717901055075,26.861529375873367
6.87,24.948791992446417,26.877502354035883
6.875,24.937870262127916,26.893474733306597
6.88,24.926952705082407,26.909446499378834
6.885,24.916039316309945,26.925417637955945
6.890000000000001,24.905130090827782,26.94138813475132
6.8950000000000005,24.894225023670387,26.95735797548837
6.9,24.883324109889433,26.973327145900548
6.905,24.8724273445538,26.989295631731324
6.91,24.861534722749575,27.00526341873421
6.915,24.85064623958006,27.021230492672746
6.92,24.839761890165757,27.037196839320504
6.925,24.82888166964438,27.053162444461083
6.93,24.81800557317085,27.069127293888116
6.9350000000000005,24.807133595917293,27.085091373405273
6.94,24.796265733073053,27.101054668826237
6.945,24.785401979844668,27.117017165974737
6.95,24.774542331455898,27.132978850684534
6.955,24.763686783147698,27.14893970879941
6.96,24.752835330178236,27.164899726173182
6.965,24.741987967822894,27.1808588886697
6.97,24.731144691374254,27.196817182162846
6.9750000000000005,24.72030549614211,27.212774592536533
6.98,24.70947037745346,27.228731105684695
6.985,24.69863933065252,27.244686707511306
6.99,24.687812351100696,27.26064138393037
6.995,24.676989434176622,27.276595120865924
7.0,24.666170575276126,27.29254790425203
7.005,24.655355769812253,27.308499720032785
7.01,24.644545013215247,27.324450554162315
7.015000000000001,24.633738300932563,27.34040039260478
7.0200000000000005,24.62293562842887,27.356349221334366
7.025,24.61213699118604,27.372297026335296
7.03,24.60134238470316,27.388243793601816
7.035,24.590551804496503,27.40418950913821
7.04,24.579765246099576,27.42013415895879
7.045,24.568982705063085,27.436077729087895
7.05,24.558204176954938,27.452020205559904
7.055,24.547429657360254,27.467961574419224
7.0600000000000005,24.536659141881366,27.48390182172029
7.065,24.525892626137807,27.499840933527565
7.07,24.515130105766325,27.515778895915545
7.075,24.50437157642087,27.531715694968764
7.08,24.493617033772605,27.547651316781778
7.085,24.48286647350989,27.563585747459182
7.09,24.472119891338313,27.57951897311559
7.095,24.46137728298065,27.59545097987566
7.1000000000000005,24.45063864417689,27.611381753874078
7.105,24.43990397068425,27.62731128125555
7.11,24.429173258277117,27.643239548174822
7.115,24.418446502747123,27.659166540796676
7.12,24.407723699903087,27.67509224529591
7.125,24.39700484557104,27.69101664785737
7.13,24.38628993559422,27.706939734675924
7.135,24.37557896583308,27.722861491956465
7.140000000000001,24.364871932165272,27.73878190591393
7.1450000000000005,24.354168830485662,27.754700962773274
7.15,24.343469656706322,27.770618648769492
7.155,24.33277440675653,27.786534950147608
7.16,24.32208307658278,27.802449853162678
7.165,24.31139566214876,27.81836334407978
7.17,24.30071215943538,27.834275409174037
7.175,24.29003256444075,27.85018603473059
7.18,24.279356873180188,27.866095207044623
7.1850000000000005,24.26868508168622,27.882002912421342
7.19,24.258017186008587,27.89790913717598
7.195,24.24735318221423,27.913813867633813
7.2,24.2366930663873,27.929717090130143
7.205,24.226036834629163,27.9456187910103
7.21,24.21538448305838,27.96151895662965
7.215,24.204736007810723,27.977417573353584
7.22,24.194091405039188,27.993314627557524
7.2250000000000005,24.183450670913956,28.009210105626934
7.23,24.17281380162243,28.025103993957295
7.235,24.16218079336922,28.040996278954122
7.24,24.151551642376138,28.056886947032968
7.245,24.14092634488221,28.072775984619412
7.25,24.130304897143667,28.088663378149064
7.255,24.119687295433945,28.104549114067563
7.26,24.109073536043695,28.12043317883058
7.265000000000001,24.09846361528077,28.136315558903828
7.2700000000000005,24.08785752947024,28.152196240763026
7.275,24.07725527495437,28.16807521089395
7.28,24.06665684809264,28.18395245579239
7.285,24.056062245261742,28.199827961964175
7.29,24.045471462855563,28.21570171592516
7.295,24.034884497285212,28.231573704201235
7.3,24.024301344979,28.24744391332832
7.305,24.013722002382448,28.263312329852365
7.3100000000000005,24.003146465958274,28.279178940329352
7.315,23.992574732186423,28.29504373132529
7.32,23.982006797564036,28.310906689416225
7.325,23.97144265860546,28.326767801188225
7.33,23.960882311842262,28.342627053237404
7.335,23.9503257538232,28.358484432169888
7.34,23.939772981114256,28.374339924601852
7.345,23.92922399029861,28.39019351715949
7.3500000000000005,23.918678777976652,28.406045196479027
7.355,23.908137340765983,28.421894949206727
7.36,23.897599675301407,28.437742761998877
7.365,23.887065778234945,28.4535886215218
7.37,23.876535646235816,28.469432514451846
7.375,23.86600927599045,28.485274427475396
7.38,23.855486664202488,28.501114347288873
7.385,23.844967807592774,28.51695226059871
7.390000000000001,23.834452702899362,28.532788154121395
7.3950000000000005,23.823941346877522,28.54862201458342
7.4,23.813433736299718,28.564453828721334
7.405,23.80292986795563,28.580283583281698
7.41,23.792429738652146,28.596111265021115
7.415,23.781933345213364,28.611936860706212
7.42,23.77144068448058,28.627760357113655
7.425,23.76095175331231,28.643581741030133
7.43,23.750466548584264,28.659400999252366
7.4350000000000005,23.73998506718938,28.675218118587114
7.44,23.729507306037785,28.69103308585116
7.445,23.719033262056826,28.706845887871314
7.45,23.70856293219105,28.722656511484423
7.455,23.698096313402218,28.73846494353737
7.46,23.687633402669295,28.754271170887062
7.465,23.677174196988457,28.770075180400433
7.47,23.666718693373085,28.78587695895446
7.4750000000000005,23.656266888853764,28.80167649343614
7.48,23.645818780478304,28.817473770742506
7.485,23.635374365311705,28.833268777780617
7.49,23.624933640436183,28.84906150146757
7.495,23.614496602951156,28.86485192873049
7.5,23.604063249973258,28.880640046506535
7.505,23.59363357863633,28.896425841742882
7.51,23.583207586091408,28.912209301396757
7.515000000000001,23.572785269506756,28.927990412435406
7.5200000000000005,23.562366626067835,28.94376916183611
7.525,23.551951652977312,28.95954553658617
7.53,23.54154034745507,28.975319523682934
7.535,23.531132706738187,28.991091110133777
7.54,23.52072872808096,29.006860282956094
7.545,23.510328408754898,29.022627029177322
7.55,23.499931746048706,29.038391335834927
7.555,23.489538737268298,29.054153189976404
7.5600000000000005,23.479149379736803,29.06991257865928
7.565,23.46876367079456,29.08566948895111
7.57,23.4583816077991,29.101423907929476
7.575,23.44800318812519,29.117175822682007
7.58,23.437628409164766,29.13292522030635
7.585,23.42725726832701,29.148672087910185
7.59,23.416889763038295,29.164416412611224
7.595,23.406525890742195,29.180158181537212
7.6000000000000005,23.396165648899505,29.19589738182592
7.605,23.38580903498822,29.21163400062515
7.61,23.375456046503547,29.22736802509274
7.615,23.365106680957904,29.243099442396556
7.62,23.354760935880904,29.258828239714497
7.625,23.344418808819384,29.274554404234486
7.63,23.33408029733738,29.290277923154484
7.635,23.323745399016133,29.305998783682483
7.640000000000001,23.3134141114541,29.32171697303651
7.6450000000000005,23.303086432266944,29.3374324784446
7.65,23.292762359087533,29.35314528714485
7.655,23.282441889565945,29.368855386385366
7.66,23.27212502136947,29.384562763424295
7.665,23.26181175218259,29.400267405529814
7.67,23.251502079707016,29.415969299980123
7.675,23.241196001661656,29.431668434063468
7.68,23.230893515782622,29.44736479507811
7.6850000000000005,23.220594619823245,29.46305837033235
7.69,23.210299311554056,29.47874914714452
7.695,23.200007588762798,29.494437112842974
7.7,23.18971944925442,29.51012225476611
7.705,23.179434890851077,29.525804560262348
7.71,23.16915391139214,29.541484016690145
7.715,23.158876508734174,29.557160611417977
7.72,23.148602680750965,29.57283433182437
7.7250000000000005,23.138332425333502,29.588505165297864
7.73,23.128065740389978,29.604173099237038
7.735,23.117802623845808,29.619838121050492
7.74,23.107543073643594,29.635500218156874
7.745,23.097287087743165,29.651159377984854
7.75,23.087034664121546,29.666815587973126
7.755,23.076785800772974,29.68246883557043
7.76,23.066540495708896,29.69811910823552
7.765000000000001,23.05629874695796,29.713766393437197
7.7700000000000005,23.046060552566036,29.729410678654276
7.775,23.035825910596188,29.745051951375622
7.78,23.02559481912869,29.76069019910011
7.785,23.015367276261028,29.77632540933667
7.79,23.0051432801079,29.79195756960424
7.795,22.9949228288012,29.807586667431803
7.8,22.984705920490047,29.823212690358368
7.805000000000001,22.974492553340742,29.838835625932976
7.8100000000000005,22.964282725536826,29.854455461714696
7.815,22.95407643527902,29.870072185272637
7.82,22.94387368078527,29.88568578418592
7.825,22.933674460290725,29.90129624604372
7.83,22.923478772047737,29.91690355844523
7.835,22.913286614325877,29.932507708999676
7.84,22.903097985341162,29.948108685395578
7.845,22.892912878749694,29.963706479866506
7.8500000000000005,22.8827312901389,29.979301082946293
7.855,22.872553217928566,29.994892482451245
7.86,22.862378660545367,30.010480666215148
7.865,22.852207616422877,30.026065622089238
7.87,22.84204008400154,30.04164733794222
7.875,22.8318760617287,30.057225801660252
7.88,22.821715548058595,30.072801001146967
7.885,22.81155854145234,30.08837292432346
7.890000000000001,22.801405040377936,30.103941559128273
7.8950000000000005,22.791255043310297,30.119506893517432
7.9,22.781108548731197,30.13506891546441
7.905,22.770965555129315,30.150627612960143
7.91,22.760826061000213,30.166182974013047
7.915,22.750690064846342,30.18173498664898
7.92,22.740557565177042,30.197283638911273
7.925,22.730428560508546,30.21282891886072
7.930000000000001,22.720303049363963,30.228370814575573
7.9350000000000005,22.71018103027331,30.24390931415155
7.94,22.700062501773477,30.25944440570183
7.945,22.68994746240825,30.27497607735706
7.95,22.679835910728293,30.290504317265338
7.955,22.669727845291177,30.30602911359224
7.96,22.65962326466135,30.32155045452079
7.965,22.649522167410144,30.337068328251483
7.97,22.63942455211579,30.35258272300228
7.9750000000000005,22.629330417363406,30.368093627008594
7.98,22.619239761744993,30.38360102852331
7.985,22.609152583859444,30.399104915816768
7.99,22.59906888231254,30.41460527717678
7.995,22.588988655716953,30.43010210090861
8.0,22.578911902692237,30.445595375334996
8.005,22.568838621864845,30.46108508879613
8.01,22.558768811868116,30.476571229649664
8.015,22.548702471342263,30.492053786270734
8.02,22.53863959893441,30.507532747051904
8.025,22.528580193298552,30.523008100403235
8.03,22.51852425309559,30.53847983475222
8.035,22.508471776993286,30.55394793854385
8.040000000000001,22.49842276366632,30.569412400240545
8.045,22.48837721179625,30.584873208322197
8.05,22.478335120071517,30.600330351286182
8.055,22.468296487187455,30.615783817647305
8.06,22.458261311846282,30.63123359593786
8.065,22.44822959275712,30.64667967470759
8.07,22.43820132863596,30.662122042523713
8.075,22.428176518205692,30.677560687970885
8.08,22.418155160196093,30.692995599651262
8.085,22.40813725334383,30.708426766184427
8.09,22.39812279639246,30.723854176207443
8.095,22.388111788092424,30.73927781837484
8.1,22.37810422720105,30.754697681358593
8.105,22.36810011248256,30.770113753848165
8.11,22.358099442708067,30.78552602455045
8.115,22.348102216655562,30.80093448218984
8.120000000000001,22.33810843310993,30.816339115508164
8.125,22.328118090862958,30.831739913264713
8.13,22.3181311887133,30.847136864236266
8.135,22.30814772546651,30.86252995721703
8.14,22.29816769993503,30.877919181018708
8.145,22.288191110938186,30.893304524470437
8.15,22.278217957302196,30.908685976418845
8.155,22.26824823786017,30.92406352572799
8.16,22.258281951452105,30.93943716127943
8.165000000000001,22.248319096924877,30.954806871972153
8.17,22.23835967313227,30.970172646722617
8.175,22.22840367893493,30.985534474464764
8.18,22.218451113200427,31.00089234414997
8.185,22.20850197480318,31.016246244747098
8.19,22.19855626262453,31.03159616524245
8.195,22.188613975552684,31.046942094639817
8.2,22.17867511248275,31.062284021960426
8.205,22.168739672316722,31.077621936242988
8.21,22.15880765396348,31.09295582654367
8.215,22.1488790563388,31.108285681936085
8.22,22.138953878365328,31.12361149151134
8.225,22.129032118972628,31.13893324437798
8.23,22.119113777097123,31.154250929662027
8.235,22.109198851682148,31.16956453650695
8.24,22.099287341677908,31.1848740540737
8.245000000000001,22.089379246041506,31.20017947154068
8.25,22.079474563736945,31.215480778103746
8.255,22.06957329373509,31.23077796297624
8.26,22.059675435013716,31.246071015388946
8.265,22.04978098655748,31.261359924590124
8.27,22.039889947357924,31.276644679845486
8.275,22.030002316413483,31.291925270438224
8.28,22.020118092729486,31.307201685668964
8.285,22.010237275318136,31.322473914855824
8.290000000000001,22.00035986319854,31.337741947334372
8.295,21.99048585539668,31.353005772457628
8.3,21.98061525094544,31.368265379596096
8.305,21.970748048884584,31.383520758137728
8.31,21.960884248260758,31.398771897487947
8.315,21.95102384812752,31.414018787069626
8.32,21.94116684754529,31.429261416323122
8.325,21.931313245581396,31.444499774706227
8.33,21.921463041310044,31.459733851694224
8.335,21.911616233812328,31.474963636779844
8.34,21.901772822176245,31.490189119473275
8.345,21.891932805496662,31.505410289302176
8.35,21.882096182875344,31.520627135811672
8.355,21.872262953420943,31.535839648564345
8.36,21.862433116249004,31.551047817140237
8.365,21.85260667048195,31.566251631136865
8.370000000000001,21.842783615249107,31.58145108016919
8.375,21.83296394968668,31.59664615386965
8.38,21.823147672937758,31.61183684188815
8.385,21.81333478415233,31.62702313389203
8.39,21.80352528248727,31.642205019566134
8.395,21.793719167106346,31.65738248861273
8.4,21.783916437180192,31.672555530751577
8.405,21.77411709188636,31.687724135719872
8.41,21.76432113040927,31.702888293272302
8.415000000000001,21.754528551940243,31.718047993181
8.42,21.74473935567749,31.733203225235552
8.425,21.734953540826087,31.748353979243035
8.43,21.72517110659803,31.763500245027956
8.435,21.715392052212184,31.778642012432318
8.44,21.705616376894312,31.793779271315557
8.445,21.695844079877055,31.808912011554593
8.45,21.686075160399962,31.82404022304379
8.455,21.676309617709446,31.839163895695002
8.46,21.666547451058825,31.854283019437517
8.465,21.656788659708308,31.869397584218092
8.47,21.647033242924977,31.884507580000964
8.475,21.637281199982816,31.899612996767814
8.48,21.627532530162693,31.914713824517797
8.485,21.617787232752367,31.929810053267516
8.49,21.60804530704648,31.944901673051064
8.495000000000001,21.59830675234657,31.959988673919966
8.5,21.588571567961058,31.975071045943224
8.505,21.578839753205255,31.99014877920731
8.51,21.569111307401368,32.00522186381614
8.515,21.559386229878477,32.020290289891115
8.52,21.549664519972566,32.03535404757107
8.525,21.539946177026494,32.05041312701234
8.53,21.530231200390027,32.06546751838869
8.535,21.520519589419795,32.08051721189136
8.540000000000001,21.510811343479343,32.095562197729066
8.545,21.501106461939088,32.11060246612795
8.55,21.49140494417633,32.12563800733166
8.555,21.481706789575284,32.14066881160127
8.56,21.472011997527023,32.15569486921535
8.565,21.462320567429533,32.170716170469916
8.57,21.452632498687667,32.18573270567843
8.575000000000001,21.442947790713184,32.20074446517185
8.58,21.43326644292473,32.21575143929857
8.585,21.423588454747822,32.230753618424465
8.59,21.413913825614895,32.245750992932855
8.595,21.40424255496524,32.26074355322454
8.6,21.394574642245068,32.275731289717775
8.605,21.38491008690745,32.29071419284828
8.61,21.375248888412372,32.305692253069225
8.615,21.365591046226683,32.32066546085126
8.620000000000001,21.355936559824144,32.335633806682495
8.625,21.34628542868539,32.35059728106848
8.63,21.33663765229795,32.36555587453228
8.635,21.32699323015624,32.38050957761435
8.64,21.317352161761562,32.39545838087267
8.645,21.307714446622114,32.41040227488265
8.65,21.298080084252977,32.42534125023718
8.655,21.288449074176125,32.4402752975466
8.66,21.278821415920408,32.45520440743872
8.665000000000001,21.269197109021583,32.47012857055881
8.67,21.25957615302229,32.4850477775696
8.675,21.249958547472044,32.49996201915128
8.68,21.24034429192727,32.514871286001515
8.685,21.23073338595126,32.529775568835426
8.69,21.221125829114218,32.54467485838559
8.695,21.211521620993214,32.559569145402065
8.700000000000001,21.201920761172218,32.574458420652356
8.705,21.192323249242094,32.589342674921426
8.71,21.18272908480058,32.60422189901171
8.715,21.17313826745232,32.619096083743116
8.72,21.163550796808828,32.633965219953
8.725,21.153966672488526,32.64882929849617
8.73,21.144385894116702,32.66368831024493
8.735,21.13480846132556,32.678542246089016
8.74,21.12523437375416,32.69339109693565
8.745000000000001,21.115663631048484,32.70823485370949
8.75,21.106096232861386,32.72307350735268
8.755,21.096532178852602,32.737907048824816
8.76,21.08697146868877,32.75273546910296
8.765,21.07741410204341,32.76755875918164
8.77,21.067860078596933,32.782376910072834
8.775,21.058309398036634,32.797189912806
8.78,21.048762060056703,32.811997758428035
8.785,21.039218064358213,32.82680043800334
8.790000000000001,21.029677410649136,32.84159794261373
8.795,21.020140098644315,32.856390263358506
8.8,21.010606128065497,32.87117739135444
8.805,21.001075498641317,32.88595931773575
8.81,20.991548210107283,32.900736033654134
8.815,20.98202426220581,32.915507530278724
8.82,20.972503654686193,32.93027379879616
8.825000000000001,20.962986387304618,32.94503483041049
8.83,20.953472459824155,32.95979061634327
8.835,20.94396187201477,32.9745411478335
8.84,20.934454623653313,32.98928641613764
8.845,20.924950714523522,33.00402641252962
8.85,20.915450144416027,33.01876112830082
8.855,20.905952913128342,33.03349055476011
8.86,20.896459020464874,33.04821468323378
8.865,20.88696846623692,33.06293350506564
8.870000000000001,20.877481250262655,33.077647011616904
8.875,20.86799737236716,33.09235519426628
8.88,20.85851683238239,33.107058044409946
8.885,20.849039630147193,33.12175555346151
8.89,20.839565765507306,33.13644771285208
8.895,20.830095238315362,33.151134514030204
8.9,20.820628048430862,33.165815948461905
8.905,20.811164195720224,33.18049200763065
8.91,20.80170368005673,33.19516268303739
8.915000000000001,20.792246501320562,33.20982796620052
8.92,20.782792659398794,33.22448784865591
8.925,20.773342154185375,33.239142321956905
8.93,20.763894985581164,33.253791377674276
8.935,20.754451153493886,33.26843500739629
8.94,20.74501065783817,33.28307320272866
8.945,20.73557349853552,33.297705955294575
8.950000000000001,20.726139675514347,33.312333256734675
8.955,20.716709188709938,33.32695509870705
8.96,20.707282038064466,33.341571472887296
8.965,20.697858223527007,33.35618237096842
8.97,20.68843774505351,33.37078778466093
8.975,20.679020602606823,33.38538770569278
8.98,20.66960679615667,33.399982125809395
8.985,20.66019632567969,33.41457103677364
8.99,20.650789191159372,33.42915443036588
8.995000000000001,20.64138539258613,33.44373229838391
9.0,20.631984929957248,33.458304632643
9.005,20.622587803276897,33.472871424975885
9.01,20.61319401255615,33.48743266723277
9.015,20.603803557812952,33.5019883512813
9.02,20.594416439072155,33.51653846900659
9.025,20.585032656365478,33.53108301231125
9.03,20.57565220973155,33.5456219731153
9.035,20.566275099215872,33.56015534335627
9.040000000000001,20.556901324870843,33.57468311498913
9.045,20.547530886755755,33.58920527998629
9.05,20.53816378493677,33.60372183033767
9.055,20.528800019486958,33.61823275805062
9.06,20.519439590486268,33.632738055149964
9.065,20.510082498021543,33.64723771367798
9.07,20.500728742186507,33.661731725694445
9.075000000000001,20.491378323081776,33.67622008327654
9.08,20.482031240814866,33.69070277851894
9.085,20.472687495381898,33.705179803671456
9.09,20.463347084723342,33.71965115340706
9.095,20.45401000807602,33.73411682092467
9.1,20.444676265474378,33.74857679851752
9.105,20.435345856954473,33.76303107849801
9.11,20.426018782554006,33.77747965319768
9.115,20.416695042312284,33.79192251496721
9.120000000000001,20.407374636270244,33.806359656176454
9.125,20.398057564470463,33.82079106921438
9.13,20.38874382695711,33.83521674648914
9.135,20.379433423776018,33.849636680428006
9.14,20.37012635497461,33.86405086347743
9.145,20.360822620601958,33.87845928810298
9.15,20.35152222070874,33.892861946789395
9.155,20.34222515534728,33.90725883204055
9.16,20.332931424571505,33.92164993637949
9.165000000000001,20.323641028436978,33.936035252348375
9.17,20.31435396700089,33.950414772508545
9.175,20.30507024032205,33.96478848944048
9.18,20.295789848460895,33.9791563957438
9.185,20.28651279147948,33.99351848403729
9.19,20.277239069441496,34.007874746958855
9.195,20.267968682412246,34.02222517716559
9.200000000000001,20.25870163045867,34.0365697673337
9.205,20.24943791364933,34.05090851015857
9.21,20.240177532054403,34.06524139835472
9.215,20.230920485745703,34.079568424655804
9.22,20.221666774796656,34.093889581814665
9.225,20.212416399282333,34.10820486260325
9.23,20.2031693592794,34.12251425981268
9.235,20.19392565486618,34.13681776625323
9.24,20.184685286122594,34.15111537475431
9.245000000000001,20.175448253130202,34.165407078164485
9.25,20.166214555972193,34.179692869351456
9.255,20.15698419473336,34.193972741202096
9.26,20.14775716950015,34.20824668662242
9.265,20.138533480360604,34.22251469853757
9.27,20.129313127404412,34.23677676989187
9.275,20.120096110722873,34.25103289364878
9.28,20.11088243040892,34.26528306279089
9.285,20.101672086557105,34.27952727031998
9.290000000000001,20.09246507926361,34.293765509256936
9.295,20.083261408626246,34.30799777264181
9.3,20.074061074744424,34.32222405353382
9.305,20.064864077719214,34.33644434501131
9.31,20.055670417653285,34.35065864017178
9.315,20.046480094650946,34.36486693213188
9.32,20.037293108818115,34.37906921402741
9.325000000000001,20.028109460262353,34.39326547901332
9.33,20.018929149092838,34.407455720263705
9.335,20.009752175420363,34.42163993097181
9.34,20.000578539357363,34.43581810435003
9.345,19.991408241017883,34.449990233629904
9.35,19.982241280517606,34.46415631206214
9.355,19.973077657973825,34.47831633291656
9.36,19.96391737350547,34.49247028948218
9.365,19.954760427233083,34.50661817506712
9.370000000000001,19.94560681927885,34.520759982998676
9.375,19.936456549766564,34.53489570662328
9.38,19.92730961882165,34.54902533930653
9.385,19.91816602657116,34.56314887443315
9.39,19.90902577314376,34.57726630540704
9.395,19.899888858669758,34.591377625651226
9.4,19.890755283281067,34.60548282860789
9.405,19.881625047111243,34.619581907738365
9.41,19.872498150295453,34.633674856523136
9.415000000000001,19.863374592970494,34.647761668461825
9.42,19.854254375274795,34.66184233707322
9.425,19.845137497348393,34.675916855895245
9.43,19.836023959332966,34.68998521848497
9.435,19.826913761371802,34.70404741841864
9.44,19.81780690360983,34.71810344929161
9.445,19.808703386193592,34.73215330471842
9.450000000000001,19.799603209271257,34.74619697833274
9.455,19.790506372992624,34.760234463787384
9.46,19.781412877509105,34.77426575475434
9.465,19.772322722973755,34.7882908449247
9.47,19.76323590954123,34.802309728008765
9.475,19.754152437367836,34.81632239773593
9.48,19.74507230661148,34.83032884785478
9.485,19.735995517431714,34.844329072133014
9.49,19.726922069989698,34.85832306435752
9.495000000000001,19.71785196444823,34.87231081833429
9.5,19.70878520097173,34.8862923278885
9.505,19.69972177972623,34.90026758686446
9.51,19.690661700879403,34.91423658912563
9.515,19.681604964600538,34.92819932855462
9.52,19.672551571060556,34.94215579905319
9.525,19.663501520431993,34.956105994542256
9.53,19.654454812889014,34.97004990896186
9.535,19.645411448607412,34.98398753627123
9.540000000000001,19.636371427764598,34.9979188704487
9.545,19.627334750539617,35.01184390549179
9.55,19.618301417113127,35.025762635417145
9.555,19.609271427667423,35.03967505426057
9.56,19.60024478238641,35.05358115607702
9.565,19.59122148145564,35.06748093494059
9.57,19.582201525062263,35.08137438494454
9.575000000000001,19.573184913395075,35.09526150020126
9.58,19.564171646644485,35.1091422748423
9.585,19.555161725002527,35.12301670301835
9.59,19.546155148662873,35.136884778899265
9.595,19.5371519178208,35.150746496674046
9.6,19.528152032673223,35.16460185055082
9.605,19.519155493418676,35.17845083475689
9.61,19.510162300257328,35.19229344353869
9.615,19.50117245339095,35.20612967116182
9.620000000000001,19.49218595302296,35.21995951191102
9.625,19.4832027993584,35.23378296009017
9.63,19.474222992603917,35.24760001002232
9.635,19.465246532967804,35.26141065604964
9.64,19.456273420659965,35.27521489253349
9.645,19.44730365589194,35.28901271385433
9.65,19.43833723887688,35.30280411441181
9.655,19.429374169829572,35.31658908862471
9.66,19.420414448966422,35.330367630930965
9.665000000000001,19.411458076505465,35.34413973578764
9.67,19.40250505266636,35.35790539767098
9.675,19.39355537767038,35.37166461107637
9.68,19.384609051740448,35.38541737051832
9.685,19.375666075101076,35.39916367053052
9.69,19.366726447978436,35.41290350566579
9.695,19.357790170600296,35.42663687049611
9.700000000000001,19.348857243196072,35.4403637596126
9.705,19.33992766599679,35.45408416762553
9.71,19.331001439235102,35.46779808916433
9.715,19.322078563145297,35.48150551887757
9.72,19.31315903796327,35.49520645143297
9.725,19.304242863926554,35.50890088151739
9.73,19.2953300412743,35.52258880383687
9.735,19.286420570247294,35.53627021311655
9.74,19.277514451087928,35.549945104100765
9.745000000000001,19.268611684040238,35.563613471552976
9.75,19.25971226934988,35.57727531025579
9.755,19.25081620726412,35.59093061501098
9.76,19.24192349803187,35.60457938063946
9.765,19.233034141903648,35.61822160198128
9.77,19.224148139131618,35.63185727389566
9.775,19.215265489969543,35.64548639126095
9.78,19.20638619467283,35.65910894897467
9.785,19.197510253498507,35.672724941953476
9.790000000000001,19.18863766670522,35.68633436513317
9.795,19.179768434553246,35.6999372134687
9.8,19.170902557304483,35.713533481934185
9.805,19.16204003522246,35.72712316552287
9.81,19.15318086857232,35.740706259247155
9.815,19.144325057620843,35.7542827581386
9.82,19.135472602636426,35.7678526572479
9.825000000000001,19.126623503889085,35.78141595164492
9.83,19.11777776165048,35.79497263641862
9.835,19.108935376193877,35.808522706677195
9.84,19.100096347794175,35.8220661575479
9.845,19.09126067672789,35.835602984177214
9.85,19.08242836327318,35.849133181730714
9.855,19.073599407709807,35.862656745393146
9.86,19.064773810319178,35.8761736703684
9.865,19.055951571384302,35.889683951879526
9.870000000000001,19.047132691189827,35.90318758516871
9.875,19.038317170022033,35.91668456549729
9.88,19.029505008168805,35.93017488814576
9.885,19.02069620591967,35.94365854841375
9.89,19.011890763565766,35.957135541620055
9.895,19.003088681399866,35.970605863102605
9.9,18.99428995971636,35.98406950821849
9.905,18.98549459881128,35.997526472343935
9.91,18.97670259898225,36.010976750874335
9.915000000000001,18.96791396052855,36.024420339224214
9.92,18.95912868375107,36.03785723282725
9.925,18.95034676895233,36.05128742713629
9.93,18.94156821643647,36.06471091762328
9.935,18.932793026509252,36.07812769977939
9.94,18.92402119947808,36.09153776911486
9.945,18.915252735651958,36.10494112115913
9.950000000000001,18.906487635341534,36.118337751460786
9.955,18.897725898859075,36.13172765558753
9.96,18.888967526518464,36.14511082912626
9.965,18.880212518635226,36.15848726768298
9.97,18.87146087552649,36.171856966882864
9.975,18.86271259751103,36.18521992237024
9.98,18.853967684909232,36.198576129808565
9.985,18.84522613804311,36.21192558488046
9.99,18.8364879572363,36.225268283287704
9.995000000000001,18.827753142814068,36.238604220751206
10.0,18.819021695103306,36.25193339301102
