time,D
0.0,12.49
0.005,12.49022470312541
0.01,12.490449345983096
0.015,12.490673928586912
0.02,12.490898450950707
0.025,12.491122913088331
0.03,12.491347315013629
0.035,12.491571656740444
0.04,12.491795938282623
0.045,12.492020159654004
0.05,12.492244320868426
0.055,12.492468421939728
0.06,12.492692462881745
0.065,12.492916443708308
0.07,12.493140364433254
0.075,12.493364225070406
0.08,12.493588025633603
0.085,12.49381176613668
0.09,12.49403544659347
0.095,12.494259067017792
0.1,12.494482627423467
0.105,12.494706127824314
0.11,12.494929568234149
0.115,12.495152948666783
0.12,12.495376269136035
0.125,12.495599529655712
0.13,12.495822730239622
0.135,12.496045870901575
0.14,12.496268951655374
0.145,12.496491972514821
0.15,12.49671493349372
0.155,12.496937834605868
0.16,12.497160675865066
0.165,12.497383457285105
0.17,12.497606178879783
0.17500000000000002,12.49782884066289
0.18,12.498051442648215
0.185,12.498273984849549
0.19,12.498496467280676
0.195,12.49871888995538
0.2,12.498941252887445
0.20500000000000002,12.49916355609065
0.21,12.499385799578775
0.215,12.499607983365598
0.22,12.499830107464891
0.225,12.500052171890427
0.23,12.500274176655982
0.23500000000000001,12.500496121775319
0.24,12.50071800726221
0.245,12.500939833130417
0.25,12.501161599393706
0.255,12.501383306065838
0.26,12.501604953160575
0.265,12.50182654069167
0.27,12.502048068672885
0.275,12.502269537117968
0.28,12.502490946040677
0.28500000000000003,12.50271229545476
0.29,12.502933585373965
0.295,12.503154815812039
0.3,12.503375986782727
0.305,12.503597098299773
0.31,12.503818150376917
0.315,12.504039143027896
0.32,12.504260076266451
0.325,12.504480950106316
0.33,12.504701764561224
0.335,12.504922519644907
0.34,12.505143215371096
0.34500000000000003,12.505363851753515
0.35000000000000003,12.505584428805893
0.355,12.505804946541954
0.36,12.50602540497542
0.365,12.50624580412001
0.37,12.506466143989442
0.375,12.506686424597437
0.38,12.506906645957704
0.385,12.50712680808396
0.39,12.507346910989913
0.395,12.507566954689274
0.4,12.507786939195748
0.405,12.508006864523043
0.41000000000000003,12.50822673068486
0.41500000000000004,12.508446537694901
0.42,12.508666285566868
0.425,12.508885974314454
0.43,12.509105603951358
0.435,12.509325174491275
0.44,12.509544685947894
0.445,12.509764138334907
0.45,12.509983531666
0.455,12.510202865954863
0.46,12.510422141215178
0.465,12.51064135746063
0.47000000000000003,12.510860514704897
0.47500000000000003,12.511079612961657
0.48,12.51129865224459
0.485,12.51151763256737
0.49,12.511736553943672
0.495,12.511955416387163
0.5,12.512174219911516
0.505,12.512392964530397
0.51,12.512611650257472
0.515,12.512830277106406
0.52,12.513048845090859
0.525,12.513267354224492
0.53,12.513485804520963
0.535,12.51370419599393
0.54,12.513922528657043
0.545,12.514140802523958
0.55,12.514359017608324
0.555,12.51457717392379
0.56,12.514795271484005
0.5650000000000001,12.51501331030261
0.5700000000000001,12.515231290393253
0.5750000000000001,12.51544921176957
0.58,12.515667074445203
0.585,12.51588487843379
0.59,12.516102623748964
0.595,12.516320310404362
0.6,12.516537938413613
0.605,12.516755507790347
0.61,12.516973018548194
0.615,12.517190470700779
0.62,12.517407864261726
0.625,12.517625199244657
0.63,12.517842475663194
0.635,12.518059693530953
0.64,12.518276852861554
0.645,12.518493953668608
0.65,12.518710995965732
0.655,12.518927979766534
0.66,12.519144905084623
0.665,12.519361771933609
0.67,12.519578580327096
0.675,12.519795330278686
0.68,12.520012021801982
0.685,12.520228654910584
0.6900000000000001,12.520445229618089
0.6950000000000001,12.520661745938094
0.7000000000000001,12.520878203884193
0.705,12.521094603469976
0.71,12.521310944709036
0.715,12.52152722761496
0.72,12.521743452201335
0.725,12.521959618481747
0.73,12.522175726469776
0.735,12.522391776179004
0.74,12.522607767623011
0.745,12.522823700815373
0.75,12.523039575769666
0.755,12.523255392499463
0.76,12.523471151018336
0.765,12.523686851339853
0.77,12.523902493477584
0.775,12.524118077445092
0.78,12.524333603255943
0.785,12.5245490709237
0.79,12.52476448046192
0.795,12.524979831884163
0.8,12.525195125203986
0.805,12.525410360434943
0.81,12.525625537590587
0.8150000000000001,12.525840656684467
0.8200000000000001,12.526055717730134
0.8250000000000001,12.526270720741135
0.8300000000000001,12.526485665731013
0.835,12.526700552713313
0.84,12.526915381701576
0.845,12.52713015270934
0.85,12.527344865750145
0.855,12.527559520851527
0.86,12.527774118066848
0.865,12.527988657411887
0.87,12.528203138899967
0.875,12.5284175625444
0.88,12.528631928358502
0.885,12.528846236355585
0.89,12.529060486548962
0.895,12.529274678951941
0.9,12.52948881357783
0.905,12.529702890439932
0.91,12.529916909551554
0.915,12.530130870925996
0.92,12.530344774576559
0.925,12.53055862051654
0.93,12.530772408759239
0.935,12.530986139317948
0.9400000000000001,12.53119981220596
0.9450000000000001,12.531413427436568
0.9500000000000001,12.531626985023061
0.9550000000000001,12.531840484978726
0.96,12.53205392731685
0.965,12.532267312050715
0.97,12.532480639193606
0.975,12.532693908758802
0.98,12.53290712075958
0.985,12.53312027520922
0.99,12.533333372120996
0.995,12.533546411508182
1.0,12.533759393384047
1.0050000000000001,12.533972317761863
1.01,12.534185184654898
1.0150000000000001,12.53439799407642
1.02,12.53461074603969
1.025,12.53482344055797
1.03,12.535036077644525
1.035,12.53524865731261
1.04,12.535461179575485
1.045,12.535673644446405
1.05,12.535886051938622
1.055,12.53609840206539
1.06,12.536310694839958
1.065,12.536522930275574
1.07,12.536735108385486
1.075,12.536947229182935
1.08,12.537159292681169
1.085,12.537371298893426
1.09,12.537583247832945
1.095,12.537795139512966
1.1,12.538006973946723
1.105,12.53821875114745
1.11,12.538430471128379
1.115,12.538642133902743
1.12,12.538853739483766
1.125,12.539065287884679
1.1300000000000001,12.539276779118705
1.135,12.539488213199066
1.1400000000000001,12.539699590138985
1.145,12.539910909951685
1.1500000000000001,12.540122172650378
1.155,12.540333378248283
1.16,12.540544526758612
1.165,12.540755618194583
1.17,12.5409666525694
1.175,12.541177629896277
1.18,12.541388550188417
1.185,12.541599413459029
1.19,12.541810219721313
1.195,12.542020968988474
1.2,12.542231661273712
1.205,12.542442296590222
1.21,12.542652874951202
1.215,12.542863396369848
1.22,12.543073860859351
1.225,12.543284268432902
1.23,12.543494619103692
1.235,12.543704912884905
1.24,12.543915149789731
1.245,12.54412532983135
1.25,12.544335453022947
1.2550000000000001,12.5445455193777
1.26,12.544755528908789
1.2650000000000001,12.54496548162939
1.27,12.545175377552678
1.2750000000000001,12.545385216691825
1.28,12.545594999060004
1.285,12.545804724670385
1.29,12.546014393536133
1.295,12.546224005670418
1.3,12.546433561086399
1.305,12.546643059797242
1.31,12.546852501816108
1.315,12.547061887156152
1.32,12.547271215830536
1.325,12.547480487852411
1.33,12.547689703234932
1.335,12.547898861991252
1.34,12.548107964134518
1.345,12.548317009677879
1.35,12.548525998634483
1.355,12.548734931017473
1.36,12.54894380683999
1.365,12.549152626115179
1.37,12.549361388856175
1.375,12.549570095076119
1.3800000000000001,12.549778744788144
1.385,12.549987338005383
1.3900000000000001,12.55019587474097
1.395,12.550404355008034
1.4000000000000001,12.550612778819705
1.405,12.550821146189106
1.41,12.551029457129365
1.415,12.551237711653604
1.42,12.551445909774944
1.425,12.551654051506505
1.43,12.551862136861404
1.435,12.552070165852758
1.44,12.552278138493678
1.445,12.552486054797278
1.45,12.55269391477667
1.455,12.552901718444959
1.46,12.553109465815256
1.465,12.553317156900663
1.47,12.553524791714286
1.475,12.553732370269223
1.48,12.553939892578576
1.485,12.554147358655444
1.49,12.55435476851292
1.495,12.5545621221641
1.5,12.554769419622078
1.5050000000000001,12.554976660899941
1.51,12.555183846010781
1.5150000000000001,12.555390974967684
1.52,12.555598047783736
1.5250000000000001,12.55580506447202
1.53,12.556012025045618
1.5350000000000001,12.556218929517609
1.54,12.556425777901074
1.545,12.556632570209088
1.55,12.556839306454723
1.555,12.557045986651055
1.56,12.557252610811155
1.565,12.55745917894809
1.57,12.557665691074929
1.575,12.557872147204739
1.58,12.558078547350581
1.585,12.558284891525519
1.59,12.558491179742612
1.595,12.55869741201492
1.6,12.558903588355498
1.605,12.559109708777404
1.61,12.559315773293687
1.615,12.559521781917402
1.62,12.559727734661596
1.625,12.559933631539318
1.6300000000000001,12.560139472563614
1.635,12.560345257747528
1.6400000000000001,12.5605509871041
1.645,12.560756660646376
1.6500000000000001,12.560962278387391
1.655,12.561167840340183
1.6600000000000001,12.561373346517787
1.665,12.561578796933235
1.67,12.56178419159956
1.675,12.561989530529793
1.68,12.562194813736962
1.685,12.562400041234092
1.69,12.562605213034207
1.695,12.56281032915033
1.7,12.563015389595483
1.705,12.563220394382684
1.71,12.563425343524953
1.715,12.563630237035301
1.72,12.563835074926745
1.725,12.564039857212297
1.73,12.564244583904966
1.735,12.56444925501776
1.74,12.564653870563687
1.745,12.56485843055575
1.75,12.565062935006953
1.7550000000000001,12.565267383930298
1.76,12.565471777338784
1.7650000000000001,12.565676115245408
1.77,12.565880397663166
1.7750000000000001,12.566084624605052
1.78,12.56628879608406
1.7850000000000001,12.566492912113178
1.79,12.566696972705396
1.795,12.5669009778737
1.8,12.567104927631076
1.805,12.567308821990506
1.81,12.567512660964974
1.815,12.56771644456746
1.82,12.567920172810936
1.825,12.568123845708385
1.83,12.568327463272778
1.835,12.568531025517087
1.84,12.568734532454286
1.845,12.568937984097342
1.85,12.569141380459222
1.855,12.569344721552891
1.86,12.569548007391314
1.865,12.56975123798745
1.87,12.569954413354264
1.875,12.570157533504709
1.8800000000000001,12.570360598451746
1.885,12.570563608208326
1.8900000000000001,12.570766562787403
1.895,12.57096946220193
1.9000000000000001,12.571172306464854
1.905,12.571375095589124
1.9100000000000001,12.571577829587685
1.915,12.57178050847348
1.92,12.571983132259453
1.925,12.572185700958542
1.93,12.572388214583688
1.935,12.572590673147825
1.94,12.572793076663892
1.945,12.57299542514482
1.95,12.573197718603538
1.955,12.57339995705298
1.96,12.57360214050607
1.965,12.573804268975735
1.97,12.574006342474902
1.975,12.57420836101649
1.98,12.574410324613423
1.985,12.574612233278616
1.99,12.574814087024988
1.995,12.575015885865454
2.0,12.575217629812927
2.005,12.575419318880321
2.0100000000000002,12.575620953080545
2.015,12.575822532426505
2.02,12.576024056931109
2.025,12.57622552660726
2.0300000000000002,12.576426941467863
2.035,12.576628301525819
2.04,12.576829606794025
2.045,12.57703085728538
2.05,12.577232053012779
2.055,12.577433193989116
2.06,12.577634280227281
2.065,12.577835311740168
2.07,12.578036288540662
2.075,12.578237210641653
2.08,12.578438078056024
2.085,12.578638890796656
2.09,12.578839648876434
2.095,12.579040352308235
2.1,12.579241001104938
2.105,12.579441595279418
2.11,12.579642134844548
2.115,12.579842619813203
2.12,12.580043050198253
2.125,12.580243426012565
2.13,12.580443747269006
2.1350000000000002,12.580644013980443
2.14,12.580844226159739
2.145,12.581044383819755
2.15,12.58124448697335
2.1550000000000002,12.581444535633382
2.16,12.58164452981271
2.165,12.581844469524183
2.17,12.58204435478066
2.1750000000000003,12.582244185594988
2.18,12.582443961980017
2.185,12.582643683948593
2.19,12.582843351513562
2.195,12.583042964687769
2.2,12.583242523484055
2.205,12.583442027915261
2.21,12.583641477994222
2.215,12.583840873733779
2.22,12.584040215146764
2.225,12.58423950224601
2.23,12.58443873504435
2.235,12.58463791355461
2.24,12.58483703778962
2.245,12.585036107762205
2.25,12.585235123485191
2.255,12.585434084971396
2.2600000000000002,12.585632992233645
2.265,12.585831845284753
2.27,12.586030644137539
2.275,12.586229388804815
2.2800000000000002,12.586428079299399
2.285,12.586626715634099
2.29,12.586825297821726
2.295,12.587023825875086
2.3000000000000003,12.587222299806987
2.305,12.587420719630233
2.31,12.587619085357625
2.315,12.587817397001967
2.32,12.588015654576052
2.325,12.588213858092685
2.33,12.588412007564655
2.335,12.588610103004758
2.34,12.588808144425785
2.345,12.589006131840527
2.35,12.589204065261772
2.355,12.589401944702304
2.36,12.589599770174912
2.365,12.589797541692374
2.37,12.589995259267475
2.375,12.59019292291299
2.38,12.590390532641702
2.3850000000000002,12.590588088466381
2.39,12.590785590399806
2.395,12.590983038454743
2.4,12.591180432643968
2.4050000000000002,12.591377772980247
2.41,12.591575059476344
2.415,12.59177229214503
2.42,12.591969470999064
2.4250000000000003,12.592166596051207
2.43,12.59236366731422
2.435,12.59256068480086
2.44,12.592757648523884
2.445,12.592954558496045
2.45,12.593151414730094
2.455,12.593348217238786
2.46,12.593544966034866
2.465,12.59374166113108
2.47,12.593938302540177
2.475,12.5941348902749
2.48,12.594331424347986
2.485,12.59452790477218
2.49,12.594724331560217
2.495,12.594920704724835
2.5,12.595117024278768
2.505,12.595313290234747
2.5100000000000002,12.595509502605506
2.515,12.59570566140377
2.52,12.59590176664227
2.525,12.596097818333728
2.5300000000000002,12.596293816490872
2.535,12.596489761126422
2.54,12.596685652253097
2.545,12.596881489883616
2.5500000000000003,12.597077274030696
2.555,12.59727300470705
2.56,12.597468681925394
2.565,12.597664305698435
2.57,12.597859876038887
2.575,12.598055392959456
2.58,12.598250856472847
2.585,12.598446266591763
2.59,12.59864162332891
2.595,12.598836926696983
2.6,12.599032176708684
2.605,12.59922737337671
2.61,12.599422516713757
2.615,12.599617606732515
2.62,12.599812643445677
2.625,12.600007626865933
2.63,12.600202557005971
2.6350000000000002,12.600397433878477
2.64,12.600592257496137
2.645,12.600787027871629
2.65,12.600981745017638
2.6550000000000002,12.601176408946841
2.66,12.601371019671914
2.665,12.601565577205536
2.67,12.601760081560379
2.6750000000000003,12.601954532749112
2.68,12.602148930784407
2.685,12.602343275678935
2.69,12.602537567445358
2.695,12.602731806096344
2.7,12.602925991644552
2.705,12.603120124102647
2.71,12.603314203483286
2.715,12.603508229799127
2.72,12.603702203062825
2.725,12.603896123287036
2.73,12.60408999048441
2.735,12.604283804667597
2.74,12.604477565849248
2.745,12.604671274042008
2.75,12.604864929258522
2.755,12.605058531511432
2.7600000000000002,12.605252080813381
2.765,12.605445577177008
2.77,12.605639020614952
2.775,12.605832411139847
2.7800000000000002,12.606025748764328
2.785,12.606219033501027
2.79,12.606412265362577
2.795,12.606605444361602
2.8000000000000003,12.606798570510733
2.805,12.606991643822596
2.81,12.607184664309809
2.815,12.607377631984999
2.82,12.607570546860785
2.825,12.607763408949783
2.83,12.60795621826461
2.835,12.608148974817881
2.84,12.608341678622208
2.845,12.608534329690203
2.85,12.608726928034475
2.855,12.60891947366763
2.86,12.609111966602276
2.865,12.609304406851013
2.87,12.609496794426446
2.875,12.609689129341174
2.88,12.609881411607796
2.8850000000000002,12.610073641238909
2.89,12.610265818247106
2.895,12.610457942644981
2.9,12.610650014445126
2.9050000000000002,12.610842033660129
2.91,12.611034000302578
2.915,12.61122591438506
2.92,12.611417775920156
2.9250000000000003,12.611609584920451
2.93,12.611801341398527
2.935,12.611993045366958
2.94,12.612184696838325
2.945,12.612376295825202
2.95,12.61256784234016
2.955,12.612759336395774
2.96,12.612950778004612
2.965,12.613142167179241
2.97,12.613333503932228
2.975,12.613524788276138
2.98,12.613716020223533
2.985,12.613907199786974
2.99,12.61409832697902
2.995,12.614289401812227
3.0,12.614480424299153
3.005,12.61467139445235
3.0100000000000002,12.61486231228437
3.015,12.615053177807761
3.02,12.615243991035074
3.025,12.615434751978855
3.0300000000000002,12.615625460651648
3.035,12.615816117065995
3.04,12.61600672123444
3.045,12.616197273169519
3.0500000000000003,12.61638777288377
3.055,12.616578220389732
3.06,12.616768615699936
3.065,12.616958958826915
3.0700000000000003,12.617149249783198
3.075,12.617339488581315
3.08,12.617529675233792
3.085,12.617719809753154
3.09,12.617909892151927
3.095,12.618099922442628
3.1,12.618289900637778
3.105,12.618479826749896
3.11,12.618669700791497
3.115,12.618859522775095
3.12,12.619049292713203
3.125,12.619239010618333
3.13,12.619428676502991
3.1350000000000002,12.619618290379686
3.14,12.619807852260921
3.145,12.619997362159204
3.15,12.620186820087032
3.1550000000000002,12.620376226056909
3.16,12.620565580081328
3.165,12.62075488217279
3.17,12.620944132343787
3.1750000000000003,12.621133330606813
3.18,12.621322476974358
3.185,12.621511571458912
3.19,12.621700614072962
3.1950000000000003,12.621889604828993
3.2,12.62207854373949
3.205,12.622267430816933
3.21,12.622456266073804
3.215,12.622645049522582
3.22,12.622833781175743
3.225,12.62302246104576
3.23,12.623211089145107
3.235,12.623399665486257
3.24,12.623588190081678
3.245,12.623776662943836
3.25,12.623965084085201
3.255,12.624153453518234
3.2600000000000002,12.624341771255397
3.265,12.624530037309153
3.27,12.62471825169196
3.275,12.624906414416271
3.2800000000000002,12.625094525494546
3.285,12.625282584939239
3.29,12.625470592762797
3.295,12.625658548977672
3.3000000000000003,12.625846453596312
3.305,12.626034306631164
3.31,12.626222108094671
3.315,12.626409857999276
3.3200000000000003,12.62659755635742
3.325,12.626785203181543
3.33,12.626972798484081
3.335,12.627160342277469
3.34,12.627347834574142
3.345,12.627535275386531
3.35,12.627722664727065
3.355,12.627910002608175
3.36,12.628097289042286
3.365,12.628284524041822
3.37,12.628471707619209
3.375,12.628658839786864
3.38,12.628845920557207
3.3850000000000002,12.629032949942658
3.39,12.629219927955631
3.395,12.629406854608542
3.4,12.629593729913799
3.4050000000000002,12.629780553883817
3.41,12.629967326531002
3.415,12.63015404786776
3.42,12.630340717906499
3.4250000000000003,12.630527336659618
3.43,12.630713904139524
3.435,12.630900420358612
3.44,12.631086885329282
3.4450000000000003,12.631273299063928
3.45,12.631459661574947
3.455,12.63164597287473
3.46,12.631832232975668
3.465,12.63201844189015
3.47,12.632204599630562
3.475,12.632390706209291
3.48,12.63257676163872
3.485,12.63276276593123
3.49,12.6329487190992
3.495,12.633134621155012
3.5,12.633320472111038
3.505,12.633506271979655
3.5100000000000002,12.633692020773235
3.515,12.63387771850415
3.52,12.634063365184769
3.525,12.634248960827458
3.5300000000000002,12.634434505444583
3.535,12.634619999048509
3.54,12.634805441651597
3.545,12.634990833266206
3.5500000000000003,12.635176173904698
3.555,12.635361463579427
3.56,12.635546702302749
3.565,12.635731890087015
3.5700000000000003,12.63591702694458
3.575,12.63610211288779
3.58,12.636287147928996
3.585,12.63647213208054
3.59,12.63665706535477
3.595,12.636841947764024
3.6,12.637026779320648
3.605,12.637211560036976
3.61,12.637396289925347
3.615,12.637580968998096
3.62,12.637765597267556
3.625,12.63795017474606
3.63,12.638134701445937
3.6350000000000002,12.638319177379513
3.64,12.638503602559117
3.645,12.638687976997073
3.65,12.638872300705703
3.6550000000000002,12.639056573697328
3.66,12.639240795984266
3.665,12.639424967578837
3.67,12.639609088493353
3.6750000000000003,12.63979315874013
3.68,12.63997717833148
3.685,12.640161147279711
3.69,12.640345065597135
3.6950000000000003,12.640528933296055
3.7,12.640712750388778
3.705,12.640896516887604
3.71,12.641080232804837
3.715,12.641263898152777
3.72,12.641447512943719
3.725,12.64163107718996
3.73,12.641814590903794
3.735,12.641998054097513
3.74,12.64218146678341
3.745,12.642364828973767
3.75,12.642548140680878
3.755,12.642731401917024
3.7600000000000002,12.642914612694488
3.765,12.643097773025556
3.77,12.643280882922502
3.775,12.643463942397608
3.7800000000000002,12.643646951463147
3.785,12.643829910131394
3.79,12.644012818414625
3.795,12.644195676325106
3.8000000000000003,12.644378483875109
3.805,12.644561241076898
3.81,12.644743947942743
3.815,12.644926604484905
3.8200000000000003,12.645109210715644
3.825,12.645291766647222
3.83,12.645474272291898
3.835,12.645656727661926
3.84,12.645839132769563
3.845,12.64602148762706
3.85,12.64620379224667
3.855,12.64638604664064
3.86,12.646568250821218
3.865,12.646750404800652
3.87,12.646932508591183
3.875,12.647114562205054
3.88,12.647296565654505
3.8850000000000002,12.647478518951775
3.89,12.6476604221091
3.895,12.647842275138716
3.9,12.648024078052856
3.9050000000000002,12.648205830863752
3.91,12.64838753358363
3.915,12.648569186224721
3.92,12.648750788799251
3.9250000000000003,12.648932341319444
3.93,12.64911384379752
3.935,12.649295296245702
3.94,12.649476698676208
3.9450000000000003,12.649658051101255
3.95,12.64983935353306
3.955,12.650020605983833
3.96,12.650201808465788
3.9650000000000003,12.650382960991134
3.97,12.65056406357208
3.975,12.650745116220833
3.98,12.650926118949593
3.985,12.651107071770568
3.99,12.651287974695956
3.995,12.651468827737956
4.0,12.651649630908766
4.005,12.651830384220583
4.01,12.6520110876856
4.015,12.652191741316006
4.0200000000000005,12.652372345123995
4.025,12.652552899121753
4.03,12.652733403321468
4.035,12.652913857735323
4.04,12.653094262375504
4.045,12.653274617254189
4.05,12.65345492238356
4.055,12.653635177775792
4.0600000000000005,12.653815383443062
4.065,12.653995539397545
4.07,12.654175645651414
4.075,12.654355702216836
4.08,12.654535709105984
4.085,12.65471566633102
4.09,12.654895573904113
4.095,12.655075431837425
4.1,12.655255240143116
4.105,12.655434998833348
4.11,12.655614707920279
4.115,12.655794367416062
4.12,12.655973977332856
4.125,12.65615353768281
4.13,12.656333048478077
4.135,12.656512509730803
4.14,12.656691921453138
4.1450000000000005,12.656871283657226
4.15,12.65705059635521
4.155,12.657229859559235
4.16,12.657409073281439
4.165,12.65758823753396
4.17,12.657767352328932
4.175,12.657946417678495
4.18,12.658125433594778
4.1850000000000005,12.658304400089913
4.19,12.65848331717603
4.195,12.658662184865255
4.2,12.658841003169714
4.205,12.659019772101534
4.21,12.659198491672832
4.215,12.659377161895732
4.22,12.659555782782352
4.225,12.659734354344808
4.23,12.659912876595214
4.235,12.660091349545686
4.24,12.660269773208332
4.245,12.660448147595266
4.25,12.660626472718592
4.255,12.660804748590415
4.26,12.660982975222844
4.265,12.661161152627978
4.2700000000000005,12.661339280817918
4.275,12.661517359804764
4.28,12.661695389600611
4.285,12.661873370217556
4.29,12.662051301667692
4.295,12.662229183963111
4.3,12.662407017115903
4.305,12.662584801138156
4.3100000000000005,12.662762536041955
4.315,12.662940221839385
4.32,12.663117858542531
4.325,12.66329544616347
4.33,12.663472984714286
4.335,12.663650474207051
4.34,12.663827914653844
4.345,12.66400530606674
4.3500000000000005,12.664182648457807
4.355,12.664359941839118
4.36,12.66453718622274
4.365,12.66471438162074
4.37,12.664891528045183
4.375,12.665068625508134
4.38,12.665245674021651
4.385,12.665422673597794
4.39,12.665599624248623
4.3950000000000005,12.66577652598619
4.4,12.665953378822554
4.405,12.666130182769765
4.41,12.666306937839872
4.415,12.666483644044924
4.42,12.66666030139697
4.425,12.666836909908053
4.43,12.667013469590218
4.4350000000000005,12.667189980455506
4.44,12.667366442515958
4.445,12.667542855783609
4.45,12.667719220270495
4.455,12.667895535988654
4.46,12.668071802950118
4.465,12.668248021166914
4.47,12.668424190651075
4.4750000000000005,12.668600311414627
4.48,12.668776383469595
4.485,12.668952406828003
4.49,12.669128381501872
4.495,12.669304307503223
4.5,12.669480184844074
4.505,12.669656013536443
4.51,12.66983179359234
4.515,12.670007525023784
4.5200000000000005,12.670183207842783
4.525,12.670358842061345
4.53,12.67053442769148
4.535,12.670709964745194
4.54,12.670885453234488
4.545,12.671060893171367
4.55,12.67123628456783
4.555,12.671411627435877
4.5600000000000005,12.671586921787501
4.565,12.671762167634702
4.57,12.67193736498947
4.575,12.672112513863798
4.58,12.672287614269674
4.585,12.672462666219086
4.59,12.672637669724024
4.595,12.672812624796466
4.6000000000000005,12.672987531448399
4.605,12.673162389691802
4.61,12.673337199538654
4.615,12.673511961000932
4.62,12.673686674090611
4.625,12.673861338819666
4.63,12.674035955200067
4.635,12.674210523243785
4.64,12.674385042962788
4.6450000000000005,12.674559514369042
4.65,12.674733937474512
4.655,12.67490831229116
4.66,12.675082638830947
4.665,12.675256917105834
4.67,12.675431147127776
4.675,12.67560532890873
4.68,12.67577946246065
4.6850000000000005,12.675953547795487
4.69,12.676127584925192
4.695,12.676301573861712
4.7,12.676475514616996
4.705,12.676649407202987
4.71,12.67682325163163
4.715,12.676997047914865
4.72,12.67717079606463
4.7250000000000005,12.677344496092866
4.73,12.677518148011506
4.735,12.677691751832485
4.74,12.677865307567737
4.745,12.67803881522919
4.75,12.678212274828775
4.755,12.678385686378418
4.76,12.678559049890042
4.765,12.678732365375575
4.7700000000000005,12.678905632846934
4.775,12.679078852316042
4.78,12.679252023794817
4.785,12.679425147295172
4.79,12.679598222829025
4.795,12.679771250408287
4.8,12.679944230044867
4.805,12.680117161750678
4.8100000000000005,12.680290045537625
4.815,12.680462881417613
4.82,12.680635669402546
4.825,12.680808409504328
4.83,12.680981101734858
4.835,12.681153746106032
4.84,12.681326342629749
4.845,12.681498891317903
4.8500000000000005,12.681671392182388
4.855,12.681843845235091
4.86,12.682016250487907
4.865,12.682188607952721
4.87,12.682360917641418
4.875,12.682533179565885
4.88,12.682705393738
4.885,12.682877560169645
4.89,12.6830496788727
4.8950000000000005,12.683221749859042
4.9,12.683393773140544
4.905,12.68356574872908
4.91,12.683737676636522
4.915,12.68390955687474
4.92,12.6840813894556
4.925,12.68425317439097
4.93,12.684424911692712
4.9350000000000005,12.684596601372691
4.94,12.684768243442768
4.945,12.6849398379148
4.95,12.685111384800644
4.955,12.685282884112159
4.96,12.685454335861193
4.965,12.685625740059601
4.97,12.685797096719233
4.9750000000000005,12.685968405851936
4.98,12.686139667469558
4.985,12.686310881583942
4.99,12.686482048206932
4.995,12.686653167350368
5.0,12.686824239026091
5.005,12.686995263245937
5.01,12.68716624002174
5.015,12.687337169365337
5.0200000000000005,12.687508051288559
5.025,12.687678885803235
5.03,12.687849672921196
5.035,12.688020412654266
5.04,12.68819110501427
5.045,12.688361750013035
5.05,12.68853234766238
5.055,12.688702897974121
5.0600000000000005,12.68887340096008
5.065,12.689043856632074
5.07,12.689214265001912
5.075,12.689384626081411
5.08,12.68955493988238
5.085,12.689725206416627
5.09,12.68989542569596
5.095,12.690065597732184
5.1000000000000005,12.690235722537102
5.105,12.690405800122518
5.11,12.690575830500228
5.115,12.690745813682032
5.12,12.690915749679727
5.125,12.691085638505104
5.13,12.69125548016996
5.135,12.691425274686086
5.14,12.691595022065268
5.1450000000000005,12.691764722319293
5.15,12.691934375459951
5.155,12.692103981499022
5.16,12.692273540448287
5.165,12.692443052319529
5.17,12.692612517124527
5.175,12.692781934875054
5.18,12.692951305582886
5.1850000000000005,12.693120629259798
5.19,12.69328990591756
5.195,12.69345913556794
5.2,12.693628318222707
5.205,12.693797453893628
5.21,12.693966542592465
5.215,12.694135584330981
5.22,12.694304579120935
5.2250000000000005,12.69447352697409
5.23,12.694642427902197
5.235,12.694811281917016
5.24,12.694980089030297
5.245,12.695148849253794
5.25,12.695317562599254
5.255,12.695486229078428
5.26,12.69565484870306
5.265,12.695823421484894
5.2700000000000005,12.695991947435674
5.275,12.69616042656714
5.28,12.696328858891032
5.285,12.696497244419085
5.29,12.696665583163037
5.295,12.696833875134619
5.3,12.697002120345566
5.305,12.697170318807604
5.3100000000000005,12.697338470532465
5.315,12.697506575531873
5.32,12.697674633817554
5.325,12.69784264540123
5.33,12.698010610294622
5.335,12.69817852850945
5.34,12.698346400057432
5.345,12.698514224950282
5.3500000000000005,12.698682003199714
5.355,12.698849734817442
5.36,12.699017419815174
5.365,12.69918505820462
5.37,12.699352649997488
5.375,12.69952019520548
5.38,12.6996876938403
5.385,12.69985514591365
5.39,12.70002255143723
5.3950000000000005,12.700189910422736
5.4,12.700357222881868
5.405,12.700524488826316
5.41,12.700691708267772
5.415,12.70085888121793
5.42,12.701026007688478
5.425,12.701193087691102
5.43,12.701360121237489
5.4350000000000005,12.701527108339318
5.44,12.701694049008276
5.445,12.70186094325604
5.45,12.702027791094288
5.455,12.702194592534699
5.46,12.702361347588944
5.465,12.702528056268697
5.47,12.70269471858563
5.4750000000000005,12.702861334551411
5.48,12.703027904177707
5.485,12.703194427476186
5.49,12.70336090445851
5.495,12.70352733513634
5.5,12.703693719521336
5.505,12.703860057625159
5.51,12.704026349459465
5.515,12.704192595035906
5.5200000000000005,12.704358794366138
5.525,12.704524947461811
5.53,12.704691054334576
5.535,12.704857114996079
5.54,12.705023129457965
5.545,12.70518909773188
5.55,12.705355019829465
5.555,12.705520895762362
5.5600000000000005,12.70568672554221
5.565,12.705852509180643
5.57,12.706018246689297
5.575,12.706183938079807
5.58,12.706349583363805
5.585,12.706515182552918
5.59,12.706680735658775
5.595,12.706846242693004
5.6000000000000005,12.707011703667227
5.605,12.70717711859307
5.61,12.707342487482148
5.615,12.707507810346085
5.62,12.707673087196495
5.625,12.707838318044997
5.63,12.708003502903201
5.635,12.708168641782722
5.64,12.708333734695168
5.6450000000000005,12.708498781652148
5.65,12.708663782665267
5.655,12.708828737746133
5.66,12.708993646906345
5.665,12.709158510157508
5.67,12.709323327511218
5.675,12.709488098979072
5.68,12.70965282457267
5.6850000000000005,12.709817504303603
5.69,12.709982138183465
5.695,12.710146726223842
5.7,12.710311268436328
5.705,12.710475764832506
5.71,12.710640215423963
5.715,12.710804620222282
5.72,12.710968979239043
5.7250000000000005,12.711133292485826
5.73,12.711297559974211
5.735,12.711461781715771
5.74,12.711625957722083
5.745,12.711790088004717
5.75,12.711954172575245
5.755,12.712118211445237
5.76,12.712282204626257
5.765,12.712446152129873
5.7700000000000005,12.712610053967648
5.775,12.712773910151142
5.78,12.712937720691917
5.785,12.71310148560153
5.79,12.713265204891538
5.795,12.713428878573495
5.8,12.713592506658955
5.805,12.713756089159467
5.8100000000000005,12.713919626086582
5.815,12.714083117451846
5.82,12.714246563266805
5.825,12.714409963543003
5.83,12.714573318291981
5.835,12.714736627525282
5.84,12.714899891254442
5.845,12.715063109490998
5.8500000000000005,12.715226282246485
5.855,12.715389409532436
5.86,12.715552491360384
5.865,12.715715527741855
5.87,12.715878518688381
5.875,12.716041464211484
5.88,12.71620436432269
5.885,12.71636721903352
5.89,12.716530028355498
5.8950000000000005,12.716692792300138
5.9,12.716855510878961
5.905,12.717018184103479
5.91,12.717180811985207
5.915,12.717343394535657
5.92,12.717505931766338
5.925,12.717668423688758
5.93,12.717830870314424
5.9350000000000005,12.717993271654839
5.94,12.718155627721508
5.945,12.718317938525928
5.95,12.718480204079603
5.955,12.718642424394025
5.96,12.718804599480693
5.965,12.7189667293511
5.97,12.719128814016738
5.9750000000000005,12.719290853489095
5.98,12.719452847779664
5.985,12.719614796899926
5.99,12.719776700861368
5.995,12.719938559675475
6.0,12.720100373353727
6.005,12.7202621419076
6.01,12.720423865348577
6.015000000000001,12.720585543688129
6.0200000000000005,12.720747176937733
6.025,12.72090876510886
6.03,12.72107030821298
6.035,12.721231806261564
6.04,12.721393259266076
6.045,12.721554667237982
6.05,12.721716030188745
6.055,12.721877348129826
6.0600000000000005,12.722038621072688
6.065,12.722199849028785
6.07,12.722361032009575
6.075,12.72252217002651
6.08,12.722683263091046
6.085,12.722844311214631
6.09,12.723005314408715
6.095,12.723166272684745
6.1000000000000005,12.723327186054167
6.105,12.723488054528422
6.11,12.723648878118954
6.115,12.723809656837204
6.12,12.723970390694609
6.125,12.724131079702603
6.13,12.724291723872625
6.135,12.724452323216104
6.140000000000001,12.724612877744473
6.1450000000000005,12.72477338746916
6.15,12.724933852401593
6.155,12.7250942725532
6.16,12.725254647935401
6.165,12.72541497855962
6.17,12.725575264437277
6.175,12.72573550557979
6.18,12.725895701998576
6.1850000000000005,12.726055853705052
6.19,12.726215960710627
6.195,12.726376023026717
6.2,12.726536040664726
6.205,12.726696013636067
6.21,12.726855941952143
6.215,12.727015825624358
6.22,12.727175664664117
6.2250000000000005,12.727335459082818
6.23,12.72749520889186
6.235,12.727654914102642
6.24,12.727814574726557
6.245,12.727974190774999
6.25,12.72813376225936
6.255,12.72829328919103
6.26,12.728452771581397
6.265000000000001,12.728612209441845
6.2700000000000005,12.728771602783763
6.275,12.72893095161853
6.28,12.729090255957528
6.285,12.729249515812135
6.29,12.72940873119373
6.295,12.72956790211369
6.3,12.729727028583385
6.305,12.729886110614189
6.3100000000000005,12.73004514821747
6.315,12.7302041414046
6.32,12.730363090186943
6.325,12.730521994575865
6.33,12.730680854582726
6.335,12.730839670218892
6.34,12.73099844149572
6.345,12.731157168424566
6.3500000000000005,12.731315851016788
6.355,12.73147448928374
6.36,12.731633083236773
6.365,12.731791632887237
6.37,12.731950138246482
6.375,12.732108599325857
6.38,12.732267016136701
6.385,12.732425388690364
6.390000000000001,12.732583716998183
6.3950000000000005,12.732742001071498
6.4,12.732900240921651
6.405,12.733058436559974
6.41,12.733216587997802
6.415,12.733374695246468
6.42,12.733532758317303
6.425,12.733690777221636
6.43,12.733848751970793
6.4350000000000005,12.7340066825761
6.44,12.734164569048882
6.445,12.73432241140046
6.45,12.734480209642152
6.455,12.734637963785278
6.46,12.734795673841155
6.465,12.734953339821098
6.47,12.735110961736419
6.4750000000000005,12.735268539598428
6.48,12.735426073418434
6.485,12.735583563207747
6.49,12.735741008977671
6.495,12.735898410739509
6.5,12.736055768504565
6.505,12.73621308228414
6.51,12.73637035208953
6.515000000000001,12.736527577932032
6.5200000000000005,12.736684759822943
6.525,12.736841897773555
6.53,12.736998991795158
6.535,12.737156041899043
6.54,12.7373130480965
6.545,12.73747001039881
6.55,12.73762692881726
6.555,12.737783803363135
6.5600000000000005,12.73794063404771
6.565,12.738097420882267
6.57,12.738254163878084
6.575,12.738410863046434
6.58,12.738567518398591
6.585,12.738724129945828
6.59,12.738880697699415
6.595,12.739037221670618
6.6000000000000005,12.739193701870702
6.605,12.739350138310938
6.61,12.739506531002581
6.615,12.739662879956898
6.62,12.739819185185144
6.625,12.739975446698578
6.63,12.740131664508457
6.635,12.740287838626033
6.640000000000001,12.740443969062557
6.6450000000000005,12.740600055829281
6.65,12.740756098937453
6.655,12.740912098398319
6.66,12.741068054223124
6.665,12.741223966423112
6.67,12.741379835009523
6.675,12.741535659993598
6.68,12.741691441386573
6.6850000000000005,12.741847179199684
6.69,12.742002873444166
6.695,12.74215852413125
6.7,12.742314131272167
6.705,12.742469694878148
6.71,12.742625214960416
6.715,12.742780691530198
6.72,12.742936124598717
6.7250000000000005,12.743091514177197
6.73,12.743246860276853
6.735,12.743402162908907
6.74,12.743557422084573
6.745,12.743712637815067
6.75,12.743867810111599
6.755,12.744022938985383
6.76,12.744178024447626
6.765000000000001,12.744333066509535
6.7700000000000005,12.744488065182317
6.775,12.744643020477174
6.78,12.744797932405309
6.785,12.74495280097792
6.79,12.74510762620621
6.795,12.74526240810137
6.8,12.745417146674596
6.805,12.745571841937084
6.8100000000000005,12.745726493900023
6.815,12.7458811025746
6.82,12.746035667972006
6.825,12.746190190103427
6.83,12.746344668980043
6.835,12.74649910461304
6.84,12.746653497013597
6.845,12.746807846192892
6.8500000000000005,12.746962152162103
6.855,12.747116414932403
6.86,12.747270634514967
6.865,12.747424810920966
6.87,12.747578944161571
6.875,12.747733034247947
6.88,12.74788708119126
6.885,12.748041085002678
6.890000000000001,12.74819504569336
6.8950000000000005,12.748348963274466
6.9,12.748502837757158
6.905,12.748656669152592
6.91,12.748810457471922
6.915,12.748964202726302
6.92,12.749117904926885
6.925,12.749271564084822
6.93,12.749425180211256
6.9350000000000005,12.749578753317337
6.94,12.749732283414211
6.945,12.749885770513018
6.95,12.750039214624898
6.955,12.750192615760993
6.96,12.75034597393244
6.965,12.750499289150373
6.97,12.750652561425927
6.9750000000000005,12.750805790770233
6.98,12.750958977194424
6.985,12.751112120709625
6.99,12.751265221326964
6.995,12.751418279057566
7.0,12.751571293912553
7.005,12.751724265903048
7.01,12.751877195040171
7.015000000000001,12.752030081335036
7.0200000000000005,12.752182924798763
7.025,12.752335725442464
7.03,12.75248848327725
7.035,12.752641198314237
7.04,12.752793870564526
7.045,12.75294650003923
7.05,12.753099086749451
7.055,12.753251630706295
7.0600000000000005,12.753404131920862
7.065,12.75355659040425
7.07,12.75370900616756
7.075,12.753861379221886
7.08,12.754013709578324
7.085,12.754165997247966
7.09,12.754318242241903
7.095,12.754470444571224
7.1000000000000005,12.754622604247015
7.105,12.754774721280363
7.11,12.754926795682351
7.115,12.755078827464063
7.12,12.755230816636576
7.125,12.755382763210969
7.13,12.75553466719832
7.135,12.755686528609703
7.140000000000001,12.75583834745619
7.1450000000000005,12.755990123748854
7.15,12.756141857498761
7.155,12.756293548716982
7.16,12.756445197414582
7.165,12.756596803602624
7.17,12.756748367292172
7.175,12.756899888494283
7.18,12.757051367220019
7.1850000000000005,12.757202803480434
7.19,12.757354197286586
7.195,12.757505548649526
7.2,12.757656857580306
7.205,12.757808124089976
7.21,12.757959348189585
7.215,12.758110529890176
7.22,12.758261669202795
7.2250000000000005,12.758412766138486
7.23,12.758563820708288
7.235,12.75871483292324
7.24,12.758865802794379
7.245,12.75901673033274
7.25,12.759167615549359
7.255,12.759318458455263
7.26,12.759469259061488
7.265000000000001,12.759620017379058
7.2700000000000005,12.759770733419
7.275,12.759921407192339
7.28,12.760072038710097
7.285,12.760222627983298
7.29,12.760373175022957
7.295,12.760523679840095
7.3,12.760674142445724
7.305,12.76082456285086
7.3100000000000005,12.760974941066516
7.315,12.761125277103702
7.32,12.761275570973424
7.325,12.761425822686693
7.33,12.76157603225451
7.335,12.761726199687878
7.34,12.7618763249978
7.345,12.762026408195277
7.3500000000000005,12.762176449291305
7.355,12.762326448296879
7.36,12.762476405222992
7.365,12.76262632008064
7.37,12.762776192880812
7.375,12.762926023634497
7.38,12.763075812352682
7.385,12.763225559046353
7.390000000000001,12.76337526372649
7.3950000000000005,12.763524926404077
7.4,12.763674547090096
7.405,12.763824125795521
7.41,12.763973662531331
7.415,12.764123157308498
7.42,12.764272610137997
7.425,12.7644220210308
7.43,12.764571389997872
7.4350000000000005,12.764720717050183
7.44,12.764870002198696
7.445,12.76501924545438
7.45,12.765168446828191
7.455,12.765317606331093
7.46,12.765466723974043
7.465,12.765615799767998
7.47,12.765764833723912
7.4750000000000005,12.765913825852737
7.48,12.766062776165427
7.485,12.76621168467293
7.49,12.766360551386192
7.495,12.766509376316161
7.5,12.766658159473781
7.505,12.766806900869993
7.51,12.766955600515738
7.515000000000001,12.767104258421956
7.5200000000000005,12.76725287459958
7.525,12.767401449059548
7.53,12.767549981812794
7.535,12.767698472870249
7.54,12.76784692224284
7.545,12.767995329941497
7.55,12.768143695977148
7.555,12.768292020360713
7.5600000000000005,12.76844030310312
7.565,12.768588544215284
7.57,12.768736743708127
7.575,12.768884901592566
7.58,12.769033017879515
7.585,12.76918109257989
7.59,12.769329125704601
7.595,12.76947711726456
7.6000000000000005,12.769625067270672
7.605,12.769772975733845
7.61,12.769920842664984
7.615,12.770068668074993
7.62,12.77021645197477
7.625,12.770364194375215
7.63,12.770511895287228
7.635,12.770659554721703
7.640000000000001,12.770807172689533
7.6450000000000005,12.770954749201612
7.65,12.771102284268828
7.655,12.771249777902073
7.66,12.77139723011223
7.665,12.771544640910186
7.67,12.771692010306822
7.675,12.771839338313024
7.68,12.771986624939666
7.6850000000000005,12.77213387019763
7.69,12.772281074097789
7.695,12.772428236651018
7.7,12.772575357868192
7.705,12.772722437760176
7.71,12.772869476337846
7.715,12.773016473612063
7.72,12.773163429593696
7.7250000000000005,12.773310344293607
7.73,12.773457217722656
7.735,12.773604049891706
7.74,12.773750840811614
7.745,12.773897590493235
7.75,12.774044298947425
7.755,12.774190966185035
7.76,12.774337592216918
7.765000000000001,12.774484177053923
7.7700000000000005,12.774630720706895
7.775,12.774777223186682
7.78,12.774923684504126
7.785,12.77507010467007
7.79,12.775216483695354
7.795,12.775362821590816
7.8,12.775509118367294
7.805000000000001,12.77565537403562
7.8100000000000005,12.775801588606631
7.815,12.775947762091155
7.82,12.776093894500022
7.825,12.77623998584406
7.83,12.776386036134094
7.835,12.77653204538095
7.84,12.776678013595449
7.845,12.776823940788411
7.8500000000000005,12.776969826970657
7.855,12.777115672153002
7.86,12.77726147634626
7.865,12.777407239561246
7.87,12.777552961808771
7.875,12.777698643099646
7.88,12.777844283444677
7.885,12.777989882854671
7.890000000000001,12.778135441340433
7.8950000000000005,12.778280958912765
7.9,12.778426435582467
7.905,12.77857187136034
7.91,12.77871726625718
7.915,12.778862620283782
7.92,12.779007933450938
7.925,12.779153205769443
7.930000000000001,12.779298437250088
7.9350000000000005,12.779443627903657
7.94,12.779588777740939
7.945,12.779733886772718
7.95,12.779878955009778
7.955,12.780023982462899
7.96,12.780168969142858
7.965,12.780313915060438
7.97,12.78045882022641
7.9750000000000005,12.78060368465155
7.98,12.780748508346631
7.985,12.780893291322423
7.99,12.781038033589692
7.995,12.781182735159206
8.0,12.781327396041732
8.005,12.78147201624803
8.01,12.781616595788863
8.015,12.781761134674992
8.02,12.781905632917173
8.025,12.782050090526162
8.03,12.782194507512715
8.035,12.782338883887581
8.040000000000001,12.782483219661515
8.045,12.782627514845261
8.05,12.782771769449571
8.055,12.782915983485188
8.06,12.783060156962854
8.065,12.783204289893314
8.07,12.783348382287304
8.075,12.783492434155566
8.08,12.783636445508835
8.085,12.783780416357843
8.09,12.783924346713325
8.095,12.784068236586013
8.1,12.784212085986635
8.105,12.784355894925918
8.11,12.784499663414588
8.115,12.78464339146337
8.120000000000001,12.784787079082982
8.125,12.784930726284149
8.13,12.785074333077585
8.135,12.785217899474011
8.14,12.78536142548414
8.145,12.785504911118684
8.15,12.785648356388355
8.155,12.785791761303864
8.16,12.785935125875916
8.165000000000001,12.786078450115218
8.17,12.786221734032475
8.175,12.786364977638389
8.18,12.78650818094366
8.185,12.786651343958987
8.19,12.786794466695065
8.195,12.786937549162593
8.2,12.787080591372261
8.205,12.787223593334764
8.21,12.787366555060787
8.215,12.787509476561022
8.22,12.787652357846154
8.225,12.787795198926867
8.23,12.787937999813844
8.235,12.788080760517765
8.24,12.78822348104931
8.245000000000001,12.788366161419155
8.25,12.788508801637978
8.255,12.78865140171645
8.26,12.788793961665245
8.265,12.788936481495032
8.27,12.789078961205023
8.275,12.789221400755679
8.28,12.789363800151532
8.285,12.789506159402965
8.290000000000001,12.789648478520359
8.295,12.78979075751409
8.3,12.789932996394539
8.305,12.790075195172077
8.31,12.790217353857077
8.315,12.79035947245991
8.32,12.79050155099094
8.325,12.79064358946054
8.33,12.790785587879068
8.335,12.790927546256889
8.34,12.791069464604362
8.345,12.791211342931843
8.35,12.791353181249692
8.355,12.791494979568256
8.36,12.791636737897893
8.365,12.791778456248947
8.370000000000001,12.79192013463177
8.375,12.792061773056703
8.38,12.792203371534091
8.385,12.792344930074277
8.39,12.792486448687598
8.395,12.79262792738439
8.4,12.792769366174987
8.405,12.792910765069724
8.41,12.793052124078933
8.415000000000001,12.793193443212939
8.42,12.79333472248207
8.425,12.793475961896652
8.43,12.793617161467004
8.435,12.793758321203448
8.44,12.793899441116304
8.445,12.794040521215884
8.45,12.794181561512506
8.455,12.794322562016479
8.46,12.794463522738113
8.465,12.794604443687717
8.47,12.794745324875597
8.475,12.794886166312056
8.48,12.795026968007395
8.485,12.795167729971913
8.49,12.79530845221591
8.495000000000001,12.795449134749678
8.5,12.795589777583512
8.505,12.7957303807277
8.51,12.795870944192538
8.515,12.796011467988306
8.52,12.79615195212529
8.525,12.796292396613778
8.53,12.796432801464045
8.535,12.79657316668637
8.540000000000001,12.796713492291031
8.545,12.796853778288304
8.55,12.796994024688459
8.555,12.797134231501769
8.56,12.797274398738498
8.565,12.797414526408915
8.57,12.797554614523282
8.575000000000001,12.797694663091864
8.58,12.797834672124917
8.585,12.797974641632704
8.59,12.798114571625476
8.595,12.798254462113489
8.6,12.798394313106993
8.605,12.79853412461624
8.61,12.798673896651474
8.615,12.798813629222941
8.620000000000001,12.798953322340887
8.625,12.799092976015553
8.63,12.799232590257175
8.635,12.79937216507599
8.64,12.799511700482235
8.645,12.799651196486144
8.65,12.799790653097944
8.655,12.799930070327866
8.66,12.800069448186136
8.665000000000001,12.800208786682978
8.67,12.800348085828617
8.675,12.80048734563327
8.68,12.800626566107155
8.685,12.800765747260492
8.69,12.800904889103492
8.695,12.801043991646369
8.700000000000001,12.801183054899331
8.705,12.801322078872587
8.71,12.801461063576342
8.715,12.8016000090208
8.72,12.801738915216163
8.725,12.80187778217263
8.73,12.802016609900399
8.735,12.802155398409663
8.74,12.80229414771062
8.745000000000001,12.802432857813457
8.75,12.802571528728365
8.755,12.80271016046553
8.76,12.80284875303514
8.765,12.802987306447372
8.77,12.803125820712411
8.775,12.803264295840437
8.78,12.803402731841622
8.785,12.803541128726145
8.790000000000001,12.803679486504176
8.795,12.803817805185886
8.8,12.803956084781444
8.805,12.804094325301014
8.81,12.804232526754761
8.815,12.804370689152849
8.82,12.804508812505437
8.825000000000001,12.804646896822682
8.83,12.80478494211474
8.835,12.804922948391766
8.84,12.80506091566391
8.845,12.805198843941323
8.85,12.805336733234151
8.855,12.80547458355254
8.86,12.805612394906635
8.865,12.805750167306574
8.870000000000001,12.8058879007625
8.875,12.806025595284547
8.88,12.80616325088285
8.885,12.806300867567543
8.89,12.806438445348759
8.895,12.806575984236623
8.9,12.806713484241264
8.905,12.806850945372805
8.91,12.80698836764137
8.915000000000001,12.807125751057079
8.92,12.80726309563005
8.925,12.8074004013704
8.93,12.80753766828824
8.935,12.807674896393687
8.94,12.807812085696849
8.945,12.807949236207833
8.950000000000001,12.808086347936745
8.955,12.808223420893691
8.96,12.80836045508877
8.965,12.808497450532082
8.97,12.808634407233727
8.975,12.808771325203798
8.98,12.808908204452388
8.985,12.80904504498959
8.99,12.809181846825494
8.995000000000001,12.809318609970184
9.0,12.809455334433748
9.005,12.809592020226267
9.01,12.809728667357824
9.015,12.809865275838495
9.02,12.810001845678359
9.025,12.810138376887489
9.03,12.81027486947596
9.035,12.810411323453838
9.040000000000001,12.810547738831197
9.045,12.8106841156181
9.05,12.810820453824611
9.055,12.810956753460795
9.06,12.81109301453671
9.065,12.811229237062413
9.07,12.811365421047961
9.075000000000001,12.811501566503408
9.08,12.811637673438806
9.085,12.811773741864204
9.09,12.81190977178965
9.095,12.812045763225191
9.1,12.812181716180866
9.105,12.812317630666723
9.11,12.812453506692794
9.115,12.812589344269123
9.120000000000001,12.81272514340574
9.125,12.812860904112679
9.13,12.812996626399972
9.135,12.813132310277648
9.14,12.813267955755736
9.145,12.813403562844254
9.15,12.813539131553231
9.155,12.813674661892685
9.16,12.813810153872636
9.165000000000001,12.813945607503097
9.17,12.814081022794086
9.175,12.814216399755614
9.18,12.81435173839769
9.185,12.814487038730322
9.19,12.814622300763519
9.195,12.81475752450728
9.200000000000001,12.814892709971613
9.205,12.81502785716651
9.21,12.815162966101976
9.215,12.815298036788004
9.22,12.815433069234585
9.225,12.815568063451714
9.23,12.815703019449378
9.235,12.815837937237564
9.24,12.815972816826259
9.245000000000001,12.816107658225446
9.25,12.816242461445103
9.255,12.816377226495213
9.26,12.816511953385751
9.265,12.816646642126692
9.27,12.816781292728006
9.275,12.816915905199668
9.28,12.817050479551645
9.285,12.817185015793902
9.290000000000001,12.817319513936404
9.295,12.817453973989114
9.3,12.817588395961991
9.305,12.817722779864994
9.31,12.81785712570808
9.315,12.8179914335012
9.32,12.81812570325431
9.325000000000001,12.818259934977355
9.33,12.818394128680287
9.335,12.81852828437305
9.34,12.818662402065586
9.345,12.818796481767839
9.35,12.818930523489746
9.355,12.819064527241247
9.36,12.819198493032275
9.365,12.819332420872763
9.370000000000001,12.819466310772643
9.375,12.819600162741844
9.38,12.819733976790292
9.385,12.819867752927914
9.39,12.820001491164632
9.395,12.820135191510364
9.4,12.820268853975032
9.405,12.82040247856855
9.41,12.820536065300834
9.415000000000001,12.820669614181794
9.42,12.820803125221344
9.425,12.82093659842939
9.43,12.821070033815836
9.435,12.82120343139059
9.44,12.821336791163551
9.445,12.82147011314462
9.450000000000001,12.821603397343695
9.455,12.821736643770672
9.46,12.821869852435444
9.465,12.822003023347902
9.47,12.822136156517935
9.475,12.822269251955433
9.48,12.822402309670279
9.485,12.822535329672355
9.49,12.822668311971546
9.495000000000001,12.822801256577728
9.5,12.82293416350078
9.505,12.823067032750572
9.51,12.823199864336983
9.515,12.823332658269882
9.52,12.823465414559134
9.525,12.82359813321461
9.53,12.823730814246172
9.535,12.823863457663684
9.540000000000001,12.823996063477006
9.545,12.824128631695993
9.55,12.824261162330506
9.555,12.824393655390397
9.56,12.824526110885516
9.565,12.824658528825715
9.57,12.824790909220843
9.575000000000001,12.824923252080742
9.58,12.82505555741526
9.585,12.825187825234234
9.59,12.825320055547508
9.595,12.825452248364916
9.6,12.825584403696295
9.605,12.825716521551477
9.61,12.825848601940296
9.615,12.825980644872578
9.620000000000001,12.826112650358152
9.625,12.82624461840684
9.63,12.826376549028467
9.635,12.826508442232855
9.64,12.82664029802982
9.645,12.826772116429181
9.65,12.82690389744075
9.655,12.827035641074342
9.66,12.827167347339765
9.665000000000001,12.82729901624683
9.67,12.82743064780534
9.675,12.8275622420251
9.68,12.827693798915915
9.685,12.827825318487582
9.69,12.827956800749899
9.695,12.828088245712662
9.700000000000001,12.828219653385665
9.705,12.8283510237787
9.71,12.828482356901555
9.715,12.82861365276402
9.72,12.828744911375878
9.725,12.828876132746913
9.73,12.829007316886907
9.735,12.82913846380564
9.74,12.829269573512885
9.745000000000001,12.82940064601842
9.75,12.82953168133202
9.755,12.829662679463452
9.76,12.829793640422485
9.765,12.829924564218887
9.77,12.830055450862423
9.775,12.830186300362854
9.78,12.83031711272994
9.785,12.830447887973442
9.790000000000001,12.830578626103115
9.795,12.830709327128712
9.8,12.830839991059985
9.805,12.830970617906686
9.81,12.831101207678563
9.815,12.831231760385359
9.82,12.831362276036819
9.825000000000001,12.831492754642685
9.83,12.831623196212698
9.835,12.831753600756594
9.84,12.831883968284107
9.845,12.832014298804973
9.85,12.832144592328921
9.855,12.832274848865683
9.86,12.832405068424984
9.865,12.83253525101655
9.870000000000001,12.832665396650103
9.875,12.832795505335364
9.88,12.832925577082053
9.885,12.833055611899884
9.89,12.833185609798575
9.895,12.833315570787835
9.9,12.833445494877378
9.905,12.83357538207691
9.91,12.833705232396138
9.915000000000001,12.833835045844767
9.92,12.833964822432497
9.925,12.83409456216903
9.93,12.834224265064064
9.935,12.834353931127293
9.94,12.834483560368412
9.945,12.834613152797115
9.950000000000001,12.834742708423088
9.955,12.83487222725602
9.96,12.835001709305596
9.965,12.8351311545815
9.97,12.835260563093412
9.975,12.835389934851014
9.98,12.835519269863982
9.985,12.83564856814199
9.99,12.835777829694711
9.995000000000001,12.835907054531816
10.0,12.836036242662976
