spec_name,module,parameter,kind,value,response_name,response_value,response_aux,response_aux_name,response_aux_2,response_aux_2_name
Q2_rho,Q2,rho,scalar,0.6,sturgeon_final,0.09116159554676867,0.47651199999999994,H,,
Q2_rho,Q2,rho,scalar,0.75,sturgeon_final,0.49819133453154063,0.47651199999999994,H,,
Q2_rho,Q2,rho,scalar,0.9,sturgeon_final,0.19316887654368792,0.47651199999999994,H,,
Q2_rho,Q2,rho,scalar,1.05,sturgeon_final,0.3313675333633689,0.47651199999999994,H,,
Q2_rho,Q2,rho,scalar,1.2,sturgeon_final,0.5156236797710749,0.47651199999999994,H,,
Q2_stocking_width,Q2,stocking_width,scalar,0.06,sturgeon_final,0.06993409192678098,0.47651199999999994,H,,
Q2_stocking_width,Q2,stocking_width,scalar,0.1,sturgeon_final,0.0699340284704966,0.47651199999999994,H,,
Q2_stocking_width,Q2,stocking_width,scalar,0.12,sturgeon_final,0.19316887654368792,0.47651199999999994,H,,
Q2_stocking_width,Q2,stocking_width,scalar,0.16,sturgeon_final,0.19319465757367305,0.47651199999999994,H,,
Q2_stocking_width,Q2,stocking_width,scalar,0.2,sturgeon_final,0.386668385033335,0.47651199999999994,H,,
Q2_stocking_scale,Q2,stocking_scale,stocking_scale,0.6,sturgeon_final,0.19316887654368792,0.47651199999999994,H,,
Q2_stocking_scale,Q2,stocking_scale,stocking_scale,0.8,sturgeon_final,0.19316887654368792,0.47651199999999994,H,,
Q2_stocking_scale,Q2,stocking_scale,stocking_scale,1.0,sturgeon_final,0.19316887654368792,0.47651199999999994,H,,
Q2_stocking_scale,Q2,stocking_scale,stocking_scale,1.2,sturgeon_final,0.19316887654368792,0.47651199999999994,H,,
Q2_stocking_scale,Q2,stocking_scale,stocking_scale,1.4,sturgeon_final,0.19316887654368792,0.47651199999999994,H,,
Q2_p_list_scale,Q2,p_list,list_scale,0.7,sturgeon_final,0.19316887654368792,0.47651199999999994,H,,
Q2_p_list_scale,Q2,p_list,list_scale,0.85,sturgeon_final,0.19316887654368792,0.47651199999999994,H,,
Q2_p_list_scale,Q2,p_list,list_scale,1.0,sturgeon_final,0.19316887654368792,0.47651199999999994,H,,
Q2_p_list_scale,Q2,p_list,list_scale,1.15,sturgeon_final,0.19316887654368792,0.47651199999999994,H,,
Q2_p_list_scale,Q2,p_list,list_scale,1.3,sturgeon_final,0.19316887654368792,0.47651199999999994,H,,
Q3_A_10,Q3,A,matrix_entry,0.006,max_real_eigen,0.5887419354857069,56.54727666516794,equilibrium_norm,,
Q3_A_10,Q3,A,matrix_entry,0.008,max_real_eigen,0.4442978359657221,49.43537605388962,equilibrium_norm,,
Q3_A_10,Q3,A,matrix_entry,0.01,max_real_eigen,0.5394648493348498,51.774631663219296,equilibrium_norm,,
Q3_A_10,Q3,A,matrix_entry,0.013,max_real_eigen,0.623404160490044,54.58882292915976,equilibrium_norm,,
Q3_A_10,Q3,A,matrix_entry,0.016,max_real_eigen,1.0886451612903225,56.29032258064516,equilibrium_norm,,
Q3_A_12,Q3,A,matrix_entry,-0.016,max_real_eigen,0.5394648493512283,51.77463166374718,equilibrium_norm,,
Q3_A_12,Q3,A,matrix_entry,-0.013,max_real_eigen,0.5394648493153844,51.774631662591226,equilibrium_norm,,
Q3_A_12,Q3,A,matrix_entry,-0.01,max_real_eigen,0.5394648493348498,51.774631663219296,equilibrium_norm,,
Q3_A_12,Q3,A,matrix_entry,-0.008,max_real_eigen,0.5394648493360163,51.77463166326339,equilibrium_norm,,
Q3_A_12,Q3,A,matrix_entry,-0.006,max_real_eigen,0.5619376000009643,52.54666918927307,equilibrium_norm,,
Q5_theta_N,Q5,theta_N,scalar,0.7,EI,0.7348324487996551,33.34883226636304,N_final,45.056342362595664,I_final
Q5_theta_N,Q5,theta_N,scalar,0.82,EI,0.7338653159021724,31.771812922274496,N_final,45.98867067311104,I_final
Q5_theta_N,Q5,theta_N,scalar,0.95,EI,0.7325520849337712,30.111748140296942,N_final,46.98265393390556,I_final
Q5_theta_N,Q5,theta_N,scalar,1.08,EI,0.7309799895455413,28.502182691596484,N_final,47.959041057568726,I_final
Q5_theta_N,Q5,theta_N,scalar,1.2,EI,0.729315564542802,27.061375386331022,N_final,48.84392405830968,I_final
Q5_theta_I,Q5,theta_I,scalar,0.2,EI,0.7292144825438449,28.790976840012867,N_final,49.91730204905693,I_final
Q5_theta_I,Q5,theta_I,scalar,0.3,EI,0.7311248179716516,29.524182572195745,N_final,48.2768912295973,I_final
Q5_theta_I,Q5,theta_I,scalar,0.38,EI,0.7325520849337712,30.111748140296942,N_final,46.98265393390556,I_final
Q5_theta_I,Q5,theta_I,scalar,0.48,EI,0.7342007069692618,30.8469527582354,N_final,45.3875147996085,I_final
Q5_theta_I,Q5,theta_I,scalar,0.6,EI,0.735966016238089,31.729497949316368,N_final,43.50667104211823,I_final
Q5_gamma_N,Q5,gamma_N,scalar,0.08,EI,0.733790472888078,31.648558036544173,N_final,46.047965310145344,I_final
Q5_gamma_N,Q5,gamma_N,scalar,0.1,EI,0.7333226174482581,31.028325077393557,N_final,46.42388943534858,I_final
Q5_gamma_N,Q5,gamma_N,scalar,0.13,EI,0.7325520849337712,30.111748140296942,N_final,46.98265393390556,I_final
Q5_gamma_N,Q5,gamma_N,scalar,0.15,EI,0.7319941234817557,29.509952373674967,N_final,47.35165094472809,I_final
Q5_gamma_N,Q5,gamma_N,scalar,0.18,EI,0.7310935539972738,28.621254139237326,N_final,47.89971063464183,I_final
Q5_gamma_I,Q5,gamma_I,scalar,0.02,EI,0.7314930824574997,29.645088244737657,N_final,47.938101380092455,I_final
Q5_gamma_I,Q5,gamma_I,scalar,0.04,EI,0.7322045137637629,29.956044039578593,N_final,47.300903861102384,I_final
Q5_gamma_I,Q5,gamma_I,scalar,0.05,EI,0.7325520849337712,30.111748140296942,N_final,46.98265393390556,I_final
Q5_gamma_I,Q5,gamma_I,scalar,0.08,EI,0.7335607609399721,30.579664731300653,N_final,46.029470883593895,I_final
Q5_gamma_I,Q5,gamma_I,scalar,0.1,EI,0.7342036219043822,30.892194318886528,N_final,45.39546650328488,I_final
Q5_alpha_NI,Q5,alpha_NI,scalar,0.5,EI,0.7325520849337712,30.111748140296942,N_final,46.98265393390556,I_final
Q5_alpha_NI,Q5,alpha_NI,scalar,0.61,EI,0.7325520849337712,30.111748140296942,N_final,46.98265393390556,I_final
Q5_alpha_NI,Q5,alpha_NI,scalar,0.72,EI,0.7325520849337712,30.111748140296942,N_final,46.98265393390556,I_final
Q5_alpha_NI,Q5,alpha_NI,scalar,0.84,EI,0.7325520849337712,30.111748140296942,N_final,46.98265393390556,I_final
Q5_alpha_NI,Q5,alpha_NI,scalar,0.95,EI,0.7325520849337712,30.111748140296942,N_final,46.98265393390556,I_final
Q5_beta_IN,Q5,beta_IN,scalar,0.4,EI,0.7177099897903167,24.08604638941893,N_final,57.60492742115201,I_final
Q5_beta_IN,Q5,beta_IN,scalar,0.49,EI,0.7253335847776088,26.934135742403456,N_final,52.66937245704562,I_final
Q5_beta_IN,Q5,beta_IN,scalar,0.58,EI,0.7325520849337712,30.111748140296942,N_final,46.98265393390556,I_final
Q5_beta_IN,Q5,beta_IN,scalar,0.69,EI,0.7390104803782314,34.362145507228675,N_final,39.17667601661845,I_final
Q5_beta_IN,Q5,beta_IN,scalar,0.8,EI,0.7398269183178687,38.81774279966872,N_final,30.888100247775526,I_final
